model,infer_img_size,infer_samples_per_sec,infer_step_time,infer_batch_size,param_count,infer_gmacs,infer_macts
test_vit,160,502268.05,4.061,2048,0.37,0.04,0.48
test_vit2,160,420763.83,4.842,2048,0.46,0.05,0.64
test_byobnet,160,311134.5,6.562,2048,0.46,0.03,0.43
test_efficientnet,160,275765.36,7.399,2048,0.36,0.06,0.55
test_convnext,160,264763.02,7.72,2048,0.27,0.03,0.58
test_mambaout,160,262435.87,7.788,2048,0.45,0.03,0.53
test_convnext3,160,242442.46,8.427,2048,0.47,0.05,0.63
test_vit3,160,236715.42,8.635,2048,0.93,0.09,1.0
test_convnext2,160,236691.12,8.634,2048,0.48,0.05,0.63
test_resnet,160,207913.58,9.819,2048,0.47,0.1,0.64
test_efficientnet_ln,160,206558.12,9.895,2048,0.36,0.06,0.55
tinynet_e,106,188194.78,10.841,2048,2.04,0.03,0.69
test_efficientnet_evos,160,188180.81,10.867,2048,0.36,0.06,0.55
test_efficientnet_gn,160,181462.61,11.268,2048,0.36,0.06,0.55
test_mambaout,192,180538.73,11.328,2048,0.45,0.04,0.77
test_vit4,160,176401.16,11.593,2048,1.02,0.11,1.07
mobilenetv4_conv_small_035,224,176051.17,11.611,2048,1.91,0.05,0.98
efficientvit_m0,224,160254.47,12.76,2048,2.33,0.08,0.91
mobilenetv4_conv_small_050,224,149296.03,13.682,2048,2.24,0.07,1.18
mobilenetv4_conv_small_035,256,131937.0,15.489,2048,1.91,0.06,1.28
lcnet_035,224,130632.89,15.65,2048,1.64,0.03,1.04
mobilenetv3_small_050,224,128502.87,15.891,2048,1.59,0.03,0.92
mobilenetv4_conv_small_050,256,113439.04,18.024,2048,2.24,0.09,1.55
lcnet_050,224,110820.97,18.428,2048,1.88,0.05,1.26
test_nfnet,160,110630.57,18.49,2048,0.38,0.29,1.2
efficientvit_m1,224,108273.59,18.874,2048,2.96,0.17,1.33
starnet_s050,224,107703.92,18.971,2048,0.54,0.09,1.57
shvit_s1,224,107172.42,19.091,2048,6.31,0.24,1.39
tf_mobilenetv3_small_minimal_100,224,104954.57,19.486,2048,2.04,0.06,1.41
efficientvit_m2,224,100862.2,20.264,2048,4.17,0.2,1.47
mobilenetv3_small_075,224,95400.23,21.446,2048,2.04,0.05,1.3
efficientvit_m3,224,92120.65,22.18,2048,6.88,0.26,1.62
efficientvit_m4,224,88869.05,23.025,2048,8.78,0.3,1.7
mobilenetv4_conv_small,224,87198.78,23.442,2048,3.77,0.19,1.97
mobilenetv3_small_100,224,86305.1,23.704,2048,2.54,0.06,1.42
tinynet_d,152,85770.05,23.84,2048,2.34,0.05,1.42
shvit_s2,224,84463.98,24.221,2048,11.45,0.37,1.6
tf_mobilenetv3_small_075,224,78891.68,25.941,2048,2.04,0.05,1.3
repghostnet_050,224,77551.04,26.356,2048,2.31,0.05,2.02
resnet10t,176,76610.48,26.702,2048,5.44,0.7,1.51
levit_128s,224,76601.43,26.711,2048,7.76,0.3,1.88
lcnet_075,224,75396.61,27.135,2048,2.36,0.1,1.99
levit_conv_128s,224,74988.77,27.279,2048,7.76,0.3,1.88
tf_mobilenetv3_small_100,224,72535.3,28.217,2048,2.54,0.06,1.42
resnet18,160,70586.31,28.979,2048,11.69,0.93,1.27
mnasnet_small,224,68666.61,29.796,2048,2.03,0.07,2.16
regnetx_002,224,67954.75,30.099,2048,2.68,0.2,2.16
ghostnet_050,224,67054.94,30.503,2048,2.59,0.05,1.77
starnet_s100,224,65706.01,31.13,2048,1.04,0.19,2.68
mobilenetv4_conv_small,256,65444.58,31.252,2048,3.77,0.25,2.57
fasternet_t0,224,64457.1,31.738,2048,3.91,0.34,1.97
efficientvit_m5,224,63352.69,32.283,2048,12.44,0.52,2.41
regnety_002,224,63038.19,32.465,2048,3.16,0.2,2.17
repghostnet_058,224,62511.48,32.724,2048,2.54,0.06,2.59
starnet_s150,224,62502.66,32.724,2048,1.56,0.23,2.75
lcnet_100,224,61225.21,33.43,2048,2.95,0.16,2.52
shvit_s3,224,60969.63,33.571,2048,14.21,0.6,2.33
mobilenetv2_035,224,59012.72,34.677,2048,1.68,0.07,2.86
convnext_zepto_rms,224,54577.36,37.485,2048,2.16,0.3,2.75
levit_conv_128,224,54573.56,37.508,2048,9.19,0.41,2.71
mnasnet_050,224,53212.41,38.437,2048,2.22,0.11,3.07
repghostnet_080,224,51653.21,39.602,2048,3.27,0.1,3.22
levit_128,224,51460.75,39.754,2048,9.19,0.41,2.71
hgnetv2_b0,224,51288.1,39.908,2048,6.0,0.33,2.12
efficientvit_b0,224,49081.86,41.707,2048,3.41,0.1,2.87
repvgg_a0,224,49081.85,41.664,2048,8.31,1.36,1.79
resnet10t,224,47389.31,43.178,2048,5.44,1.1,2.43
convnext_zepto_rms_ols,224,47312.12,43.235,2048,2.16,0.34,3.15
regnetx_004,224,47281.84,43.292,2048,5.16,0.4,3.14
mobilenetv2_050,224,46551.15,43.971,2048,1.97,0.1,3.64
semnasnet_050,224,46297.16,44.212,2048,2.08,0.11,3.44
vit_small_patch32_224,224,46243.35,44.252,2048,22.88,1.15,2.5
levit_conv_192,224,45769.43,44.699,2048,10.92,0.66,3.2
mobileone_s0,224,45703.24,44.778,2048,2.08,0.28,3.79
gernet_s,224,45568.21,44.918,2048,8.17,0.75,2.65
regnetx_004_tv,224,45533.32,44.943,2048,5.5,0.42,3.17
pit_ti_224,224,44428.3,46.047,2048,4.85,0.7,6.19
pit_ti_distilled_224,224,43875.2,46.636,2048,5.1,0.71,6.23
cs3darknet_focus_s,256,43702.35,46.825,2048,3.27,0.69,2.7
ghostnetv3_050,224,43394.78,47.155,2048,2.85,0.05,2.28
edgenext_xx_small,256,42976.98,47.621,2048,1.33,0.26,3.33
lcnet_150,224,42785.56,47.836,2048,4.5,0.34,3.79
resnet34,160,42577.43,48.056,2048,21.8,1.87,1.91
repghostnet_100,224,42047.44,48.672,2048,4.06,0.15,3.98
fasternet_t1,224,42010.68,48.724,2048,7.6,0.85,3.15
vit_tiny_r_s16_p8_224,224,41914.42,48.834,2048,6.34,0.44,2.06
resnet14t,176,41493.87,49.326,2048,10.08,1.07,3.61
mobilenetv4_conv_small,320,40827.48,50.14,2048,3.77,0.39,4.01
mixer_s32_224,224,40597.34,50.397,2048,19.1,1.0,2.28
tinynet_c,184,40556.79,50.443,2048,2.46,0.11,2.87
levit_192,224,40520.72,50.493,2048,10.92,0.66,3.2
cs3darknet_s,256,40453.07,50.572,2048,3.28,0.72,2.97
nf_regnet_b0,192,39018.19,52.428,2048,8.76,0.37,3.15
starnet_s2,224,38852.75,52.676,2048,3.68,0.55,4.73
hgnetv2_b1,224,37486.53,54.611,2048,6.34,0.49,2.73
repghostnet_111,224,37364.22,54.762,2048,4.52,0.18,4.38
starnet_s1,224,37305.66,54.847,2048,2.87,0.42,4.99
resnetv2_18,224,37140.96,55.114,2048,11.69,1.82,2.48
tf_mobilenetv3_large_minimal_100,224,36956.25,55.395,2048,3.92,0.22,4.4
convnext_atto_rms,224,36648.59,55.843,2048,3.69,0.55,3.81
repvgg_a1,224,36420.61,56.178,2048,12.79,2.36,2.37
mobilenetv3_large_075,224,36356.08,56.292,2048,3.99,0.16,4.0
convnext_atto,224,36275.29,56.427,2048,3.7,0.55,3.81
mnasnet_075,224,36157.01,56.615,2048,3.17,0.23,4.77
resnet18,224,35806.38,57.166,2048,11.69,1.82,2.48
ghostnet_100,224,34984.54,58.498,2048,5.18,0.15,3.55
regnety_004,224,34695.18,58.972,2048,4.34,0.41,3.89
tf_mobilenetv3_large_075,224,34056.68,60.114,2048,3.99,0.16,4.0
convnext_atto_ols,224,34001.86,60.194,2048,3.7,0.58,4.11
xcit_nano_12_p16_224,224,33841.64,60.484,2048,3.05,0.56,4.17
levit_conv_256,224,33744.85,60.657,2048,18.86,1.13,4.23
inception_next_atto,224,33724.45,60.693,2048,4.16,0.5,3.63
mobilenetv1_100,224,33342.13,61.39,2048,4.23,0.58,5.04
edgenext_xx_small,288,33058.48,61.919,2048,1.33,0.33,4.21
resnetv2_18d,224,32972.22,62.086,2048,11.71,2.06,3.29
vit_tiny_patch16_224,224,32856.62,62.271,2048,5.72,1.26,5.97
vit_medium_patch32_clip_224,224,32792.95,62.418,2048,39.69,2.0,3.34
mobilenetv1_100h,224,32745.83,62.511,2048,5.28,0.63,5.09
deit_tiny_patch16_224,224,32729.68,62.532,2048,5.72,1.26,5.97
mobilenetv3_rw,224,32648.08,62.685,2048,5.48,0.23,4.41
deit_tiny_distilled_patch16_224,224,32606.69,62.774,2048,5.91,1.27,6.01
convnextv2_atto,224,32574.98,62.841,2048,3.71,0.55,3.81
regnety_006,224,32558.52,62.85,2048,6.06,0.61,4.33
mobilenetv3_large_100,224,32498.9,62.985,2048,5.48,0.23,4.41
legacy_seresnet18,224,32378.58,63.212,2048,11.78,1.82,2.49
seresnet18,224,32283.44,63.405,2048,11.78,1.82,2.49
hardcorenas_a,224,32142.64,63.689,2048,5.26,0.23,4.38
tf_efficientnetv2_b0,192,31967.39,64.018,2048,7.14,0.54,3.51
shvit_s4,256,31961.39,64.04,2048,16.55,0.99,3.73
resnet18d,224,31733.63,64.511,2048,11.71,2.06,3.29
hardcorenas_b,224,31544.25,64.878,2048,5.18,0.26,5.09
ese_vovnet19b_slim_dw,224,31405.53,65.176,2048,1.9,0.4,5.28
mnasnet_100,224,31355.59,65.266,2048,4.38,0.33,5.46
repghostnet_130,224,31018.0,65.996,2048,5.46,0.24,5.24
convnext_femto,224,30931.08,66.176,2048,5.22,0.79,4.57
hgnetv2_b0,288,30909.53,66.21,2048,6.0,0.54,3.51
hardcorenas_c,224,30525.78,67.067,2048,5.52,0.28,5.01
mobilenetv2_075,224,30411.19,50.467,1536,2.64,0.22,5.86
semnasnet_075,224,30292.8,50.674,1536,2.91,0.23,5.54
levit_256,224,30292.79,67.567,2048,18.86,1.13,4.23
mobilenet_edgetpu_v2_xs,224,30279.79,67.592,2048,4.46,0.7,4.8
vit_xsmall_patch16_clip_224,224,30258.16,67.648,2048,8.28,1.79,6.65
tf_mobilenetv3_large_100,224,30071.27,68.042,2048,5.48,0.23,4.41
dla46_c,224,29862.89,68.54,2048,1.3,0.58,4.5
regnetx_008,224,29813.73,68.66,2048,7.26,0.81,5.15
convnext_femto_ols,224,29156.97,70.204,2048,5.23,0.82,4.87
levit_conv_256d,224,29014.02,70.546,2048,26.16,1.39,4.93
repvgg_b0,224,28692.97,71.33,2048,14.34,3.06,3.07
mobilenetv4_conv_medium,224,28664.72,71.404,2048,9.72,0.84,5.8
spnasnet_100,224,28437.83,71.962,2048,4.42,0.35,6.03
convnext_atto_rms,256,28134.84,72.756,2048,3.69,0.71,4.98
starnet_s3,224,27951.23,73.222,2048,5.75,0.76,6.66
cs3darknet_focus_s,320,27891.21,73.394,2048,3.27,1.08,4.22
convnextv2_femto,224,27662.28,74.002,2048,5.23,0.79,4.57
mobilenet_edgetpu_100,224,27630.02,74.085,2048,4.09,1.0,5.75
repghostnet_150,224,27627.1,74.082,2048,6.55,0.31,6.0
efficientformerv2_s0,224,27543.41,74.313,2048,3.6,0.41,5.3
pit_xs_224,224,27366.88,74.799,2048,10.62,1.4,7.71
hardcorenas_d,224,27265.86,75.068,2048,7.5,0.3,4.93
regnety_008,224,27199.47,75.256,2048,6.26,0.81,5.25
ese_vovnet19b_slim,224,27194.69,75.276,2048,3.17,1.69,3.52
mobileone_s1,224,27108.76,75.505,2048,4.76,0.83,6.27
pit_xs_distilled_224,224,26960.12,75.922,2048,11.0,1.41,7.76
tinynet_b,188,26730.23,76.584,2048,3.73,0.21,4.44
levit_256d,224,26637.46,76.844,2048,26.16,1.39,4.93
ghostnet_130,224,26570.53,77.043,2048,7.36,0.24,4.6
semnasnet_100,224,26530.76,57.87,1536,3.89,0.32,6.23
mobilenetv2_100,224,26492.7,57.955,1536,3.5,0.31,6.68
mobilenetv4_hybrid_medium_075,224,26482.86,77.291,2048,7.31,0.66,5.65
repvit_m1,224,26333.95,77.727,2048,5.07,0.82,6.17
repvit_m0_9,224,26279.47,77.902,2048,5.07,0.82,6.17
pvt_v2_b0,224,25867.61,79.139,2048,3.67,0.57,7.99
efficientnet_lite0,224,25838.23,59.421,1536,4.65,0.4,6.74
regnety_008_tv,224,25831.72,79.249,2048,6.43,0.84,5.42
fbnetc_100,224,25767.12,59.561,1536,5.57,0.4,6.51
hrnet_w18_small,224,25721.92,79.593,2048,13.19,1.61,5.72
resnet14t,224,25715.87,79.603,2048,10.08,1.69,5.8
mobilenetv1_100,256,25627.19,59.908,1536,4.23,0.76,6.59
skresnet18,224,25603.46,79.952,2048,11.96,1.82,3.24
tf_efficientnet_lite0,224,25314.13,60.638,1536,4.65,0.4,6.74
fasternet_t2,224,25301.63,80.91,2048,14.98,1.91,4.73
tf_efficientnetv2_b1,192,25262.07,81.045,2048,8.14,0.76,4.59
resnetblur18,224,25175.95,81.305,2048,11.69,2.34,3.39
mobilenetv1_100h,256,25169.3,61.004,1536,5.28,0.82,6.65
mobilevit_xxs,256,25022.44,81.801,2048,1.27,0.42,8.34
mobilenetv3_large_100,256,24935.46,61.554,1536,5.48,0.29,5.75
mobilenetv1_125,224,24167.26,84.713,2048,6.27,0.89,6.3
regnetx_006,224,24129.55,84.841,2048,6.2,0.61,3.98
resnet50,160,24065.29,85.067,2048,25.56,2.1,5.67
hgnetv2_b2,224,23909.45,85.616,2048,11.22,1.15,4.12
hardcorenas_f,224,23648.8,86.565,2048,8.2,0.35,5.57
hardcorenas_e,224,23555.32,86.906,2048,8.07,0.35,5.65
edgenext_x_small,256,23417.67,87.424,2048,2.34,0.54,5.93
gmlp_ti16_224,224,23269.39,87.964,2048,5.87,1.34,7.55
tf_efficientnetv2_b0,224,23266.95,87.988,2048,7.14,0.73,4.77
convnext_pico,224,23255.03,88.025,2048,9.05,1.37,6.1
swiftformer_xs,224,23186.96,88.275,2048,3.48,0.61,6.45
vit_betwixt_patch32_clip_224,224,22811.9,89.725,2048,61.41,3.09,4.17
resnet50d,160,22654.85,90.376,2048,25.58,2.22,6.08
resnetv2_18,288,22426.03,91.299,2048,11.69,3.0,4.11
hgnetv2_b1,288,22421.06,91.31,2048,6.34,0.82,4.51
convnext_pico_ols,224,22075.65,92.731,2048,9.06,1.43,6.5
mobilenetv4_conv_medium,256,21964.64,93.205,2048,9.72,1.1,7.58
repvit_m1_0,224,21874.79,93.585,2048,6.81,1.11,7.19
convnext_atto,288,21873.46,93.59,2048,3.7,0.91,6.3
nf_regnet_b0,256,21870.14,93.603,2048,8.76,0.64,5.58
mobileone_s2,224,21864.37,93.633,2048,7.81,1.3,7.56
mobilenetv4_hybrid_medium,224,21811.04,93.858,2048,11.07,0.98,6.84
eva02_tiny_patch14_224,224,21806.51,93.88,2048,5.5,1.7,9.14
mnasnet_140,224,21781.25,93.99,2048,7.12,0.6,7.71
gernet_m,224,21705.92,94.316,2048,21.14,3.02,5.24
ghostnetv2_100,224,21603.47,94.763,2048,6.16,0.18,4.55
tinynet_a,192,21555.0,94.969,2048,6.19,0.35,5.41
resnet18,288,21514.97,95.161,2048,11.69,3.01,4.11
resnet34,224,21510.62,95.161,2048,21.8,3.67,3.74
resnetv2_34,224,21443.95,95.477,2048,21.8,3.67,3.74
crossvit_tiny_240,240,21214.99,96.496,2048,7.01,1.57,9.08
crossvit_9_240,240,21181.89,96.644,2048,8.55,1.85,9.52
ghostnetv3_100,224,21106.75,96.992,2048,6.15,0.17,4.55
efficientformer_l1,224,21100.92,97.017,2048,12.29,1.3,5.53
mobilenet_edgetpu_v2_s,224,21042.97,97.28,2048,5.99,1.21,6.6
repghostnet_200,224,20925.89,97.813,2048,9.77,0.53,7.96
repvit_m2,224,20763.44,98.595,2048,8.24,1.34,7.82
repvit_m1_1,224,20749.7,98.664,2048,8.24,1.34,7.82
convnextv2_pico,224,20736.97,98.722,2048,9.07,1.37,6.1
xcit_tiny_12_p16_224,224,20719.0,98.786,2048,6.72,1.24,6.29
levit_conv_384,224,20672.79,99.029,2048,39.07,2.35,6.26
cs3darknet_focus_m,256,20618.33,99.288,2048,9.3,1.98,4.89
mobilenetv4_conv_blur_medium,224,20489.53,49.924,1024,9.72,1.22,8.58
mobilevitv2_050,256,20448.26,75.086,1536,1.37,0.48,8.04
mambaout_femto,224,20409.15,100.304,2048,7.3,1.16,8.34
convnext_atto_ols,288,20319.48,100.742,2048,3.7,0.96,6.8
mobilenetv2_110d,224,20222.1,75.913,1536,4.52,0.45,8.71
rexnetr_100,224,20106.75,76.369,1536,4.88,0.43,7.72
resnet34d,224,19999.11,102.352,2048,21.82,3.91,4.54
resnetv2_34d,224,19929.38,102.732,2048,21.82,3.91,4.54
resnetv2_18d,288,19924.41,102.76,2048,11.71,3.4,5.43
cs3darknet_m,256,19827.92,103.251,2048,9.31,2.08,5.28
efficientvit_b1,224,19789.45,103.453,2048,9.1,0.53,7.25
convnextv2_atto,288,19779.66,103.505,2048,3.71,0.91,6.3
rexnet_100,224,19776.57,77.61,1536,4.8,0.41,7.44
starnet_s4,224,19766.04,103.564,2048,7.48,1.05,9.56
regnetz_005,224,19570.55,104.627,2048,7.12,0.52,5.86
repvgg_a2,224,19503.08,104.951,2048,25.5,5.12,3.13
seresnet18,288,19500.02,104.999,2048,11.78,3.01,4.11
resnet26,224,19366.41,105.708,2048,16.0,2.36,7.35
seresnet34,224,19357.87,105.754,2048,21.96,3.67,3.74
resnet50,176,19353.23,105.786,2048,25.56,2.62,6.92
efficientformerv2_s1,224,19326.9,105.92,2048,6.19,0.67,7.66
legacy_seresnet34,224,19308.37,106.026,2048,21.96,3.67,3.74
fbnetv3_b,224,19292.83,106.112,2048,8.6,0.42,6.97
resnext50_32x4d,160,19176.82,106.769,2048,25.03,2.17,7.35
seresnet50,160,19137.8,106.969,2048,28.09,2.1,5.69
crossvit_9_dagger_240,240,19080.66,107.3,2048,8.78,1.99,9.97
resnet18d,288,19003.71,107.731,2048,11.71,3.41,5.43
dla34,224,18995.93,107.774,2048,15.74,3.07,5.02
selecsls42,224,18789.77,108.968,2048,30.35,2.94,4.62
hgnetv2_b3,224,18764.86,109.099,2048,16.29,1.78,5.07
selecsls42b,224,18752.85,109.185,2048,32.46,2.98,4.62
tf_efficientnetv2_b2,208,18740.53,109.221,2048,10.1,1.06,6.0
swiftformer_s,224,18682.67,109.559,2048,6.09,0.99,7.81
convnext_femto,288,18616.42,109.975,2048,5.22,1.3,7.56
mobilenetv1_125,256,18556.24,82.744,1536,6.27,1.16,8.23
semnasnet_140,224,18547.44,55.188,1024,6.11,0.6,8.87
ecaresnet50t,160,18372.29,111.427,2048,25.57,2.21,6.04
mobilenetv2_140,224,18233.91,56.122,1024,6.11,0.6,9.57
edgenext_x_small,288,18206.37,112.439,2048,2.34,0.68,7.5
nf_resnet26,224,18090.6,113.167,2048,16.0,2.41,7.35
ese_vovnet19b_dw,224,17988.26,113.82,2048,6.54,1.34,8.25
resnetrs50,160,17909.85,114.318,2048,35.69,2.29,6.2
vit_base_patch32_clip_quickgelu_224,224,17781.06,115.154,2048,87.85,4.41,5.01
levit_384,224,17759.2,115.278,2048,39.07,2.35,6.26
vit_base_patch32_clip_224,224,17710.35,115.613,2048,88.22,4.41,5.01
resnet26d,224,17668.78,115.876,2048,16.01,2.6,8.15
resnetaa34d,224,17534.79,116.745,2048,21.82,4.43,5.07
convnext_femto_ols,288,17532.61,116.767,2048,5.23,1.35,8.06
efficientnet_es_pruned,224,17451.24,117.322,2048,5.44,1.81,8.73
efficientnet_es,224,17420.6,117.522,2048,5.44,1.81,8.73
mobileone_s3,224,17341.83,118.05,2048,10.08,1.9,9.13
efficientnet_b0,224,17308.96,88.71,1536,5.29,0.4,6.75
vit_base_patch32_224,224,17167.46,119.257,2048,88.22,4.41,5.01
efficientnet_lite1,240,17130.11,89.642,1536,5.42,0.62,10.14
mambaout_kobe,224,17121.06,119.583,2048,9.14,1.52,10.0
tf_efficientnet_es,224,17109.2,119.638,2048,5.44,1.81,8.73
tf_efficientnet_lite1,240,17051.02,60.014,1024,5.42,0.62,10.14
tiny_vit_5m_224,224,17030.77,120.195,2048,12.08,1.27,11.25
poolformerv2_s12,224,16966.85,120.672,2048,11.89,1.83,5.53
nf_seresnet26,224,16899.42,121.148,2048,17.4,2.41,7.36
nf_ecaresnet26,224,16887.99,121.222,2048,16.0,2.41,7.36
convnextv2_femto,288,16887.07,121.24,2048,5.23,1.3,7.56
resmlp_12_224,224,16638.58,123.034,2048,15.35,3.01,5.5
mobilenetv4_hybrid_medium,256,16563.66,123.61,2048,11.07,1.29,9.01
fbnetv3_d,224,16524.98,123.883,2048,10.31,0.52,8.5
darknet17,256,16491.37,124.148,2048,14.3,3.26,7.18
mobilenet_edgetpu_v2_m,224,16473.36,124.281,2048,8.46,1.85,8.15
ghostnetv2_130,224,16448.06,124.48,2048,8.96,0.28,5.9
selecsls60,224,16421.5,124.671,2048,30.67,3.59,5.52
selecsls60b,224,16358.63,125.161,2048,32.77,3.63,5.52
nf_regnet_b2,240,16305.32,125.557,2048,14.31,0.97,7.23
nf_regnet_b1,256,16292.23,125.664,2048,10.22,0.82,7.27
pit_s_distilled_224,224,16284.22,125.713,2048,24.04,2.9,11.64
cs3darknet_focus_m,288,16226.59,126.17,2048,9.3,2.51,6.19
pit_s_224,224,16057.12,127.497,2048,23.46,2.88,11.56
ghostnetv3_130,224,16045.06,127.597,2048,8.95,0.28,5.9
gmixer_12_224,224,15945.92,128.396,2048,12.7,2.67,7.26
mobilenetv4_conv_blur_medium,256,15903.19,48.263,768,9.72,1.59,11.2
poolformer_s12,224,15837.92,129.271,2048,11.92,1.82,5.53
vit_small_patch32_384,384,15705.19,130.358,2048,22.92,3.45,8.25
resnext50_32x4d,176,15628.1,131.022,2048,25.03,2.71,8.97
cs3darknet_m,288,15600.99,131.231,2048,9.31,2.63,6.69
hgnetv2_b4,224,15562.91,131.549,2048,19.8,2.75,6.7
tf_efficientnetv2_b1,240,15495.16,132.123,2048,8.14,1.21,7.34
efficientvit_b1,256,15488.84,99.132,1536,9.1,0.69,9.46
edgenext_small,256,15468.84,132.351,2048,5.59,1.26,9.07
convnext_nano,224,15345.95,133.418,2048,15.59,2.46,8.37
mobilenetv4_conv_aa_medium,256,15336.7,133.493,2048,9.72,1.58,10.3
resnetblur18,288,15227.63,100.821,1536,11.69,3.87,5.6
efficientnet_b1_pruned,240,15211.9,134.586,2048,6.33,0.4,6.21
skresnet34,224,15186.54,134.82,2048,22.28,3.67,5.13
rexnetr_130,224,15168.12,67.488,1024,7.61,0.68,9.81
mixnet_s,224,15122.76,101.531,1536,4.13,0.25,6.25
mixer_b32_224,224,15057.01,135.961,2048,60.29,3.24,6.29
resnet101,160,15013.07,136.38,2048,44.55,4.0,8.28
mobilenetv2_120d,224,14965.79,68.385,1024,5.83,0.69,11.97
darknet21,256,14943.8,136.991,2048,20.86,3.93,7.47
fbnetv3_b,256,14812.45,103.652,1536,8.6,0.55,9.1
efficientnet_b0_gn,224,14720.27,104.312,1536,5.29,0.42,6.75
fastvit_t8,256,14602.11,140.22,2048,4.0,0.69,6.59
mobilenet_edgetpu_v2_l,224,14549.42,140.713,2048,10.92,2.55,9.05
tf_efficientnet_b0,224,14529.45,105.688,1536,5.29,0.4,6.75
visformer_tiny,224,14526.39,140.935,2048,10.32,1.27,5.72
swiftformer_l1,224,14482.47,141.356,2048,12.06,1.6,10.07
mixer_s16_224,224,14408.7,142.1,2048,18.53,3.79,5.97
tf_mixnet_s,224,14358.3,106.948,1536,4.13,0.25,6.25
hgnetv2_b2,288,14319.59,142.978,2048,11.22,1.89,6.8
repvit_m3,224,14297.01,143.188,2048,10.12,1.86,11.43
tiny_vit_11m_224,224,14241.35,143.75,2048,20.35,2.03,13.49
rexnet_130,224,14141.93,72.346,1024,7.56,0.68,9.71
dpn48b,224,14122.26,144.976,2048,9.13,1.69,8.92
gernet_l,256,14109.74,145.102,2048,31.08,4.57,8.0
convnext_pico,288,14017.71,146.057,2048,9.05,2.27,10.08
resnext26ts,256,13940.58,146.881,2048,10.3,2.43,10.52
mobilenetv4_conv_medium,320,13921.24,110.281,1536,9.72,1.71,11.84
convnextv2_nano,224,13864.06,147.688,2048,15.62,2.46,8.37
vit_base_patch32_clip_256,256,13842.81,147.911,2048,87.86,5.76,6.65
vit_wee_patch16_reg1_gap_256,256,13812.55,148.217,2048,13.42,3.83,13.9
vit_tiny_r_s16_p8_384,384,13811.7,148.222,2048,6.36,1.34,6.49
vit_small_patch16_224,224,13792.41,148.443,2048,22.05,4.61,11.95
deit_small_patch16_224,224,13790.5,148.469,2048,22.05,4.61,11.95
deit3_small_patch16_224,224,13736.56,149.038,2048,22.06,4.61,11.95
vit_base_patch32_siglip_gap_256,256,13710.66,149.335,2048,87.47,5.67,6.54
resnet26t,256,13643.4,150.052,2048,16.01,3.35,10.52
deit_small_distilled_patch16_224,224,13627.85,150.233,2048,22.44,4.63,12.02
rexnetr_150,224,13624.41,75.131,1024,9.78,0.89,11.13
mobilevitv2_075,256,13542.49,75.581,1024,2.87,1.05,12.06
vit_base_patch32_siglip_256,256,13541.85,151.198,2048,94.55,5.75,6.64
fasternet_s,224,13487.93,151.798,2048,31.18,4.56,7.93
efficientnet_b0,256,13356.28,76.625,1024,5.29,0.52,8.81
efficientnet_lite2,260,13354.65,76.65,1024,6.09,0.89,12.9
ghostnetv2_160,224,13322.53,153.685,2048,12.39,0.42,7.23
convnext_nano_ols,224,13320.81,153.699,2048,15.65,2.65,9.38
convnext_pico_ols,288,13258.81,154.423,2048,9.06,2.37,10.74
sedarknet21,256,13252.49,154.505,2048,20.95,3.93,7.47
repvgg_b1g4,224,13237.52,154.674,2048,36.13,7.31,5.32
legacy_seresnext26_32x4d,224,13151.64,155.671,2048,16.79,2.49,9.39
tf_efficientnet_lite2,260,13113.89,78.041,1024,6.09,0.89,12.9
efficientnet_blur_b0,224,13077.97,117.414,1536,5.29,0.43,8.72
vit_pwee_patch16_reg1_gap_256,256,13056.78,156.803,2048,15.25,4.37,15.87
ghostnetv3_160,224,12943.08,158.188,2048,12.38,0.41,7.23
resnet34,288,12931.77,158.312,2048,21.8,6.07,6.18
resnetv2_34,288,12889.32,158.862,2048,21.8,6.07,6.18
nf_regnet_b1,288,12820.14,159.694,2048,10.22,1.02,9.2
resnest14d,224,12769.08,160.325,2048,10.61,2.76,7.33
nf_regnet_b2,272,12745.65,160.628,2048,14.31,1.22,9.27
hrnet_w18_small_v2,224,12742.7,160.676,2048,15.6,2.62,9.65
gcresnext26ts,256,12739.81,160.716,2048,10.48,2.43,10.53
fbnetv3_d,256,12697.43,120.92,1536,10.31,0.68,11.1
repvit_m1_5,224,12690.45,161.335,2048,14.05,2.27,12.84
ecaresnet50d_pruned,224,12683.98,161.415,2048,19.94,2.53,6.43
seresnext26ts,256,12662.81,161.697,2048,10.39,2.43,10.52
vit_small_patch16_rope_ape_224,224,12635.48,162.017,2048,22.06,4.61,11.95
pvt_v2_b1,224,12632.54,81.028,1024,14.01,2.12,15.39
convnextv2_pico,288,12630.17,162.109,2048,9.07,2.27,10.08
vit_small_patch16_rope_224,224,12628.73,162.108,2048,21.98,4.61,11.95
cs3darknet_focus_l,256,12614.58,162.311,2048,21.15,4.66,8.03
mobilenetv4_conv_large,256,12611.01,162.347,2048,32.59,2.86,12.14
mobilenet_edgetpu_v2_m,256,12604.09,162.45,2048,8.46,2.42,10.65
eca_resnext26ts,256,12599.17,162.513,2048,10.3,2.43,10.52
rexnet_150,224,12543.57,81.606,1024,9.73,0.9,11.21
botnet26t_256,256,12529.35,163.415,2048,12.49,3.32,11.98
ecaresnext50t_32x4d,224,12504.85,163.737,2048,15.41,2.7,10.09
ecaresnext26t_32x4d,224,12492.15,163.892,2048,15.41,2.7,10.09
seresnext26t_32x4d,224,12469.52,164.186,2048,16.81,2.7,10.09
vit_relpos_small_patch16_224,224,12439.0,164.597,2048,21.98,4.59,13.05
halonet26t,256,12371.89,165.494,2048,12.48,3.19,11.69
seresnext26d_32x4d,224,12314.42,166.263,2048,16.81,2.73,10.19
efficientformerv2_s2,224,12309.98,166.328,2048,12.71,1.27,11.77
cs3darknet_l,256,12291.61,166.565,2048,21.16,4.86,8.55
vit_srelpos_small_patch16_224,224,12257.04,167.033,2048,21.97,4.59,12.16
resnet101,176,12251.96,167.132,2048,44.55,4.92,10.08
mobileone_s4,224,12246.47,167.185,2048,14.84,2.98,11.81
csatv2,512,12197.14,167.854,2048,11.1,1.39,9.17
resnet50,224,12191.9,167.945,2048,25.56,4.11,11.11
efficientnet_b1,224,12087.46,127.034,1536,7.79,0.59,9.36
flexivit_small,240,12058.97,169.789,2048,22.06,5.35,14.18
resnet34d,288,12030.65,170.186,2048,21.82,6.47,7.51
dpn68,224,12005.31,170.548,2048,12.61,2.35,10.47
ecaresnetlight,224,12004.5,170.555,2048,30.16,4.11,8.42
efficientvit_b1,288,11984.07,128.135,1536,9.1,0.87,11.96
resnetv2_34d,288,11975.91,170.975,2048,21.82,6.46,7.51
hgnet_tiny,224,11889.31,172.207,2048,14.74,4.54,6.36
mobilenetv3_large_150d,256,11831.74,86.511,1024,14.62,1.03,12.35
mobilenetv4_hybrid_large_075,256,11785.57,173.729,2048,22.75,2.06,11.64
regnetz_005,288,11767.91,174.002,2048,7.12,0.86,9.68
dla46x_c,224,11752.97,174.206,2048,1.07,0.54,5.66
mobilevit_xs,256,11749.95,65.321,768,2.32,1.05,16.33
resnet26,288,11719.14,174.705,2048,16.0,3.9,12.15
eca_botnext26ts_256,256,11708.41,174.878,2048,10.59,2.46,11.6
resnet50c,224,11699.57,174.999,2048,25.58,4.35,11.92
dpn68b,224,11669.77,175.439,2048,12.61,2.35,10.47
seresnet34,288,11641.87,175.879,2048,21.96,6.07,6.18
resnet32ts,256,11638.23,175.929,2048,17.96,4.63,11.58
eca_nfnet_l0,224,11592.86,176.619,2048,24.14,4.35,10.47
dla60,224,11576.19,176.871,2048,22.04,4.26,10.16
gc_efficientnetv2_rw_t,224,11568.46,176.99,2048,13.68,1.94,9.97
vit_small_resnet26d_224,224,11542.56,177.374,2048,63.61,5.07,11.12
resnet50t,224,11527.04,177.639,2048,25.57,4.32,11.82
vit_relpos_small_patch16_rpn_224,224,11516.68,177.792,2048,21.97,4.59,13.05
resnet33ts,256,11472.36,178.464,2048,19.68,4.76,11.66
nfnet_l0,224,11470.03,178.506,2048,35.07,4.36,10.47
levit_conv_512,224,11460.57,178.654,2048,95.08,5.62,10.22
dla60x_c,224,11446.19,178.882,2048,1.32,0.59,6.01
resnet50d,224,11434.78,179.049,2048,25.58,4.35,11.92
tresnet_m,224,11418.31,179.327,2048,31.39,5.75,7.31
xcit_nano_12_p16_384,384,11417.56,179.312,2048,3.05,1.64,12.15
coat_lite_tiny,224,11387.93,179.786,2048,5.72,1.6,11.65
eca_halonext26ts,256,11356.12,180.298,2048,10.76,2.44,11.46
xcit_tiny_24_p16_224,224,11320.25,180.852,2048,12.12,2.34,11.82
efficientnetv2_rw_t,224,11290.98,181.337,2048,13.65,1.93,9.94
tf_efficientnetv2_b2,260,11282.29,181.476,2048,10.1,1.72,9.84
resnetv2_50,224,11278.47,181.551,2048,25.55,4.11,11.11
hgnetv2_b3,288,11240.0,182.16,2048,16.29,2.94,8.38
ecaresnet26t,256,11210.2,182.634,2048,16.01,3.35,10.53
vit_dwee_patch16_reg1_gap_256,256,11185.41,183.066,2048,13.43,3.83,17.6
resnext26ts,288,11069.31,184.987,2048,10.3,3.07,13.31
bat_resnext26ts,256,11037.11,185.508,2048,10.73,2.53,12.51
wide_resnet50_2,176,10954.87,186.888,2048,68.88,7.29,8.97
convit_tiny,224,10897.25,187.896,2048,5.71,1.26,7.94
vit_small_patch16_rope_mixed_ape_224,224,10880.57,188.17,2048,22.06,4.61,12.85
vit_small_patch16_rope_mixed_224,224,10879.18,188.201,2048,21.99,4.61,12.85
ese_vovnet19b_dw,288,10861.74,141.373,1536,6.54,2.22,13.63
vit_small_r26_s32_224,224,10858.4,188.559,2048,36.43,3.56,9.85
resnetaa50,224,10849.85,188.696,2048,25.56,5.15,11.64
edgenext_small_rw,256,10735.55,190.717,2048,7.83,1.58,9.51
resnet26d,288,10661.77,192.029,2048,16.01,4.29,13.48
resnetv2_50d,224,10656.2,192.145,2048,25.57,4.35,11.92
resnetv2_50t,224,10655.0,192.179,2048,25.57,4.32,11.82
vgg11,224,10650.45,192.237,2048,132.86,7.61,7.44
resnet152,160,10614.85,192.909,2048,60.19,5.9,11.51
vgg11_bn,224,10612.05,192.926,2048,132.87,7.62,7.44
efficientnet_b0_g16_evos,224,10610.36,192.973,2048,8.11,1.01,7.42
efficientvit_b2,224,10582.82,145.1,1536,24.33,1.6,14.62
efficientnet_em,240,10579.31,193.542,2048,6.9,3.04,14.34
levit_conv_512d,224,10571.77,193.672,2048,92.39,5.84,11.3
resnetaa34d,288,10570.47,193.704,2048,21.82,7.33,8.38
vit_base_patch32_plus_256,256,10565.41,193.788,2048,119.48,7.79,7.76
vovnet39a,224,10522.3,194.581,2048,22.6,7.09,6.73
coat_lite_mini,224,10502.96,194.95,2048,11.01,2.0,12.25
gcresnet33ts,256,10460.86,195.734,2048,19.88,4.76,11.68
fastvit_t12,256,10448.12,146.951,1536,7.51,1.39,9.57
vit_dpwee_patch16_reg1_gap_256,256,10443.06,196.083,2048,15.25,4.37,19.05
nf_ecaresnet50,224,10438.79,196.148,2048,25.56,4.21,11.13
tf_efficientnet_em,240,10435.45,196.205,2048,6.9,3.04,14.34
res2net50_48w_2s,224,10426.7,196.375,2048,25.29,4.18,11.72
regnetx_016,224,10396.83,196.947,2048,9.19,1.62,7.93
nf_seresnet50,224,10389.72,197.069,2048,28.09,4.21,11.13
efficientnet_b1,240,10357.68,148.258,1536,7.79,0.71,10.88
coatnext_nano_rw_224,224,10342.13,197.983,2048,14.7,2.47,12.8
gmlp_s16_224,224,10300.42,198.783,2048,19.42,4.42,15.1
resnetblur50,224,10282.44,199.143,2048,25.56,5.16,12.02
resnetaa50d,224,10268.81,199.374,2048,25.58,5.39,12.44
resnet50_clip_gap,224,10265.18,199.455,2048,23.53,5.39,12.44
vit_tiny_patch16_384,384,10263.66,199.488,2048,5.79,4.7,25.39
ecaresnet101d_pruned,224,10245.39,199.84,2048,24.88,3.48,7.69
mobilevitv2_100,256,10234.65,75.014,768,4.9,1.84,16.08
efficientnet_b2_pruned,260,10226.72,200.208,2048,8.31,0.73,9.13
seresnet33ts,256,10222.14,200.298,2048,19.78,4.76,11.66
eca_resnet33ts,256,10203.17,200.683,2048,19.68,4.76,11.66
tf_efficientnetv2_b3,240,10178.31,201.143,2048,14.36,1.93,9.95
mobilenetv4_hybrid_medium,320,10172.75,150.951,1536,11.07,2.05,14.36
levit_512,224,10157.41,201.584,2048,95.08,5.62,10.22
gcresnext26ts,288,10064.19,203.447,2048,10.48,3.07,13.33
legacy_seresnet50,224,10047.51,203.789,2048,28.09,3.88,10.6
cs3sedarknet_l,256,10040.03,203.933,2048,21.91,4.86,8.56
seresnext26ts,288,10007.18,204.603,2048,10.39,3.07,13.32
eca_resnext26ts,288,9989.08,204.973,2048,10.3,3.07,13.32
ese_vovnet39b,224,9963.52,205.496,2048,24.57,7.09,6.74
eca_vovnet39b,224,9961.36,205.554,2048,22.6,7.09,6.74
resnet50s,224,9923.95,206.343,2048,25.68,5.47,13.52
cs3darknet_focus_l,288,9923.04,206.344,2048,21.15,5.9,10.16
regnety_016,224,9920.83,206.377,2048,11.2,1.63,8.04
nf_regnet_b3,288,9914.1,206.524,2048,18.59,1.67,11.84
selecsls84,224,9913.66,206.549,2048,50.95,5.9,7.57
rexnetr_200,224,9869.14,77.783,768,16.52,1.59,15.11
edgenext_small,320,9833.56,208.221,2048,5.59,1.97,14.16
skresnet50,224,9784.04,209.284,2048,25.8,4.11,12.5
resnetblur50d,224,9752.56,209.965,2048,25.58,5.4,12.82
resnext50_32x4d,224,9738.01,210.279,2048,25.03,4.26,14.4
mambaout_femto,288,9731.7,210.402,2048,7.3,1.91,13.79
seresnet50,224,9690.14,211.304,2048,28.09,4.11,11.13
mobilenetv4_conv_medium,384,9687.14,105.665,1024,9.72,2.46,17.05
mixnet_m,224,9682.39,211.474,2048,5.01,0.36,8.19
repvgg_b1,224,9667.78,211.777,2048,51.83,11.82,5.32
cs3darknet_l,288,9665.14,211.859,2048,21.16,6.16,10.83
dla60x,224,9652.78,212.117,2048,17.35,3.54,13.8
fastvit_s12,256,9644.0,159.231,1536,9.43,1.8,10.82
vit_relpos_base_patch32_plus_rpn_256,256,9548.12,214.456,2048,119.42,7.68,8.01
resnet50_clip,224,9541.59,214.571,2048,38.32,6.14,12.98
vit_medium_patch16_clip_224,224,9532.18,214.802,2048,38.59,8.0,15.93
resnest26d,224,9530.9,214.833,2048,17.07,3.64,9.97
crossvit_small_240,240,9511.46,215.26,2048,26.86,5.63,18.17
convnext_tiny,224,9497.67,215.587,2048,28.59,4.47,13.44
coatnet_pico_rw_224,224,9497.34,53.887,512,10.85,2.05,14.62
inception_v3,299,9497.22,215.588,2048,23.83,5.73,8.97
vit_pe_core_tiny_patch16_384,384,9490.96,215.749,2048,6.14,4.74,25.62
inception_next_tiny,224,9489.38,215.781,2048,28.06,4.19,11.98
cspresnet50,256,9485.35,215.868,2048,21.62,4.54,11.5
levit_512d,224,9458.62,216.479,2048,92.39,5.84,11.3
convnext_tiny_hnf,224,9446.37,216.748,2048,28.59,4.47,13.44
fastvit_sa12,256,9425.04,162.925,1536,11.55,1.94,11.24
eva02_tiny_patch14_336,336,9416.92,217.434,2048,5.76,4.68,27.16
densenet121,224,9388.33,218.098,2048,7.98,2.87,6.9
hgnetv2_b4,288,9363.25,218.686,2048,19.8,4.54,11.08
xcit_nano_12_p8_224,224,9349.11,219.005,2048,3.05,2.16,15.71
skresnet50d,224,9312.31,219.857,2048,25.82,4.36,13.31
efficientnet_b1,256,9304.56,110.02,1024,7.79,0.77,12.22
ecaresnet50t,224,9268.64,220.912,2048,25.57,4.32,11.83
seresnet50t,224,9240.11,221.589,2048,28.1,4.32,11.83
eva02_small_patch14_224,224,9239.58,221.612,2048,21.62,6.14,18.28
xcit_small_12_p16_224,224,9238.4,221.612,2048,26.25,4.82,12.58
convnext_nano,288,9227.79,221.896,2048,15.59,4.06,13.84
ese_vovnet39b_evos,224,9227.38,221.899,2048,24.58,7.07,6.74
resnext50d_32x4d,224,9211.48,222.299,2048,25.05,4.5,15.2
resnet32ts,288,9205.43,222.421,2048,17.96,5.86,14.65
vit_base_resnet26d_224,224,9199.99,222.55,2048,101.4,6.97,13.16
ecaresnet50d,224,9197.05,222.638,2048,25.58,4.35,11.93
tf_efficientnet_b1,240,9189.7,111.399,1024,7.79,0.71,10.88
resnet50_gn,224,9174.75,223.165,2048,25.56,4.14,11.11
efficientformer_l3,224,9150.89,223.753,2048,31.41,3.93,12.01
efficientnet_b0_g8_gn,224,9142.19,223.966,2048,6.56,0.66,6.75
rexnet_200,224,9140.97,83.992,768,16.37,1.56,14.91
vit_little_patch16_reg1_gap_256,256,9136.83,224.087,2048,22.52,6.27,18.06
cspresnet50d,256,9133.66,224.185,2048,21.64,4.86,12.55
deit3_medium_patch16_224,224,9115.13,224.63,2048,38.85,8.0,15.93
resnetrs50,224,9108.43,224.811,2048,35.69,4.48,12.14
vit_little_patch16_reg4_gap_256,256,9092.25,225.191,2048,22.52,6.35,18.33
resnet33ts,288,9076.26,225.59,2048,19.68,6.02,14.75
caformer_s18,224,9053.29,226.175,2048,26.34,4.13,19.39
tf_mixnet_m,224,9053.08,226.183,2048,5.01,0.36,8.19
fbnetv3_g,240,9019.69,170.248,1536,16.62,1.28,14.87
cspresnet50w,256,8990.24,227.749,2048,28.12,5.04,12.19
mobilevit_s,256,8966.22,85.597,768,5.58,2.03,19.94
crossvit_15_240,240,8920.72,229.528,2048,27.53,5.81,19.77
poolformerv2_s24,224,8897.65,230.126,2048,21.34,3.42,10.68
twins_pcpvt_small,224,8848.14,231.409,2048,24.11,3.83,18.08
convformer_s18,224,8813.11,232.33,2048,26.77,3.96,15.82
haloregnetz_b,224,8791.06,232.919,2048,11.68,1.97,11.94
efficientnet_b2,256,8772.92,116.666,1024,9.11,0.89,12.81
convnextv2_tiny,224,8749.09,234.039,2048,28.64,4.47,13.44
res2net50_26w_4s,224,8747.51,234.092,2048,25.7,4.28,12.61
vovnet57a,224,8713.82,234.973,2048,36.64,8.95,7.52
resnet26t,320,8710.2,235.07,2048,16.01,5.24,16.44
densenetblur121d,224,8695.78,235.466,2048,8.0,3.11,7.9
regnetz_b16,224,8686.84,235.722,2048,9.72,1.45,9.95
resnet152,176,8680.94,235.874,2048,60.19,7.22,13.99
tiny_vit_21m_224,224,8672.85,177.051,1536,33.21,4.27,20.08
resmlp_24_224,224,8620.73,237.533,2048,30.02,5.96,10.91
hgnetv2_b5,224,8617.29,237.614,2048,39.57,6.56,11.19
gcvit_xxtiny,224,8606.26,237.909,2048,12.0,2.14,15.36
nf_resnet50,256,8605.62,237.933,2048,25.56,5.46,14.52
swiftformer_l3,224,8563.66,239.083,2048,28.49,4.01,15.77
regnetx_032,224,8558.44,239.259,2048,15.3,3.2,11.37
mambaout_kobe,288,8445.64,242.444,2048,9.14,2.5,16.53
res2net50_14w_8s,224,8445.34,242.429,2048,25.06,4.21,13.28
convnextv2_nano,288,8445.16,242.451,2048,15.62,4.06,13.84
gcresnext50ts,256,8428.74,242.924,2048,15.67,3.75,15.46
seresnetaa50d,224,8426.49,242.989,2048,28.11,5.4,12.46
efficientvit_l1,224,8421.29,121.558,1024,52.65,5.27,15.85
res2next50,224,8418.15,243.247,2048,24.67,4.2,13.71
dla60_res2net,224,8410.03,243.467,2048,20.85,4.15,12.34
sehalonet33ts,256,8403.96,243.67,2048,13.69,3.55,14.7
dla60_res2next,224,8344.32,245.39,2048,17.03,3.49,13.17
crossvit_15_dagger_240,240,8342.32,245.451,2048,28.21,6.13,20.43
gcresnet50t,256,8342.23,245.45,2048,25.9,5.42,14.67
res2net50d,224,8328.72,245.856,2048,25.72,4.52,13.41
resnetv2_50d_frn,224,8321.56,246.072,2048,25.59,4.33,11.92
vit_relpos_medium_patch16_224,224,8320.39,246.101,2048,38.75,7.97,17.02
gmixer_24_224,224,8304.2,246.569,2048,24.72,5.28,14.45
vit_relpos_medium_patch16_cls_224,224,8295.96,246.814,2048,38.76,8.03,18.24
gcresnet33ts,288,8273.2,247.5,2048,19.88,6.02,14.78
resnetv2_50x1_bit,224,8249.82,248.217,2048,25.55,4.23,11.11
visformer_small,224,8235.46,248.633,2048,40.22,4.88,11.43
edgenext_base,256,8198.37,249.756,2048,18.51,3.85,15.58
vit_srelpos_medium_patch16_224,224,8192.56,249.921,2048,38.74,7.96,16.21
efficientvit_b2,256,8183.55,125.091,1024,24.33,2.09,19.03
resnetv2_50d_evos,224,8177.93,250.396,2048,25.59,4.33,11.92
csatv2_21m,512,8169.54,250.644,2048,20.7,2.94,15.85
regnetz_b16_evos,224,8169.35,250.666,2048,9.74,1.43,9.95
resnetv2_50d_gn,224,8164.27,250.823,2048,25.57,4.38,11.92
coatnet_nano_rw_224,224,8116.78,252.269,2048,15.14,2.41,15.41
eca_resnet33ts,288,8098.75,252.83,2048,19.68,6.02,14.76
seresnet33ts,288,8097.68,252.853,2048,19.78,6.02,14.76
hgnet_small,224,8094.78,252.96,2048,24.36,8.53,8.79
davit_tiny,224,8089.88,94.898,768,28.36,4.54,18.89
poolformer_s24,224,8080.92,253.391,2048,21.39,3.41,10.68
vit_medium_patch16_gap_240,240,8071.72,253.671,2048,44.4,9.22,18.81
seresnext50_32x4d,224,8066.82,253.837,2048,27.56,4.26,14.42
nf_regnet_b3,320,8023.86,255.189,2048,18.59,2.05,14.61
convnext_nano_ols,288,8016.18,255.44,2048,15.65,4.38,15.5
legacy_seresnext50_32x4d,224,8003.32,255.836,2048,27.56,4.26,14.42
resnet51q,256,7984.31,256.442,2048,35.7,6.38,16.55
twins_svt_small,224,7971.95,256.834,2048,24.06,2.94,13.75
coatnet_nano_cc_224,224,7971.75,256.867,2048,13.76,2.24,15.02
mobilenetv4_conv_large,320,7963.0,192.838,1536,32.59,4.47,18.97
vit_base_r26_s32_224,224,7960.82,257.208,2048,101.38,6.81,12.36
resnetrs101,192,7956.04,257.377,2048,63.62,6.04,12.7
maxvit_pico_rw_256,256,7943.06,96.654,768,7.46,1.83,22.3
cs3sedarknet_l,288,7924.07,258.403,2048,21.91,6.16,10.83
sebotnet33ts_256,256,7903.13,259.102,2048,13.7,3.89,17.46
vit_small_patch16_dinov3_qkvb,256,7892.82,259.422,2048,21.6,6.26,17.03
vit_small_patch16_dinov3,256,7883.22,259.718,2048,21.59,6.26,17.03
efficientnet_lite3,300,7876.62,64.968,512,8.2,1.65,21.85
maxvit_rmlp_pico_rw_256,256,7869.26,97.559,768,7.52,1.85,24.86
coatnet_0_rw_224,224,7848.89,195.651,1536,27.44,4.43,18.73
lambda_resnet26rpt_256,256,7844.09,261.03,2048,10.99,3.16,11.87
resnet50_mlp,256,7816.46,261.983,2048,26.65,7.05,16.25
tf_efficientnet_lite3,300,7814.27,65.496,512,8.2,1.65,21.85
fastvit_mci0,256,7811.64,196.575,1536,11.36,2.39,14.72
dla102,224,7807.61,262.253,2048,33.27,7.19,14.18
cspresnext50,256,7770.41,263.512,2048,20.57,4.05,15.86
regnetv_040,224,7769.52,263.553,2048,20.64,4.0,12.29
vit_dlittle_patch16_reg1_gap_256,256,7736.38,264.664,2048,22.52,6.27,22.69
regnety_040,224,7721.24,265.202,2048,20.65,4.0,12.29
darknet53,256,7705.4,265.742,2048,41.61,9.31,12.39
efficientnet_b3_pruned,300,7680.43,266.605,2048,9.86,1.04,11.86
mobilevitv2_125,256,7672.97,100.058,768,7.48,2.86,20.1
darknetaa53,256,7645.68,267.805,2048,36.02,7.97,12.39
densenet169,224,7643.3,267.893,2048,14.15,3.4,7.3
efficientformerv2_l,224,7617.69,268.799,2048,26.32,2.59,18.54
resnet101,224,7602.61,269.319,2048,44.55,7.83,16.23
vit_relpos_medium_patch16_rpn_224,224,7596.96,269.532,2048,38.73,7.97,17.02
focalnet_tiny_srf,224,7572.82,270.397,2048,28.43,4.42,16.32
nextvit_small,224,7565.97,270.632,2048,31.74,5.8,18.44
ecaresnet50d_pruned,288,7541.25,271.517,2048,19.94,4.19,10.61
seresnext26t_32x4d,288,7537.32,271.661,2048,16.81,4.46,16.68
mobilenetv3_large_150d,320,7510.61,102.21,768,14.62,1.61,19.29
efficientnet_cc_b0_4e,224,7462.54,274.401,2048,13.31,0.41,9.42
seresnext26d_32x4d,288,7456.69,274.608,2048,16.81,4.51,16.85
cs3darknet_focus_x,256,7440.07,275.205,2048,35.02,8.03,10.69
resnet101c,224,7413.89,276.196,2048,44.57,8.08,17.04
resnest50d_1s4x24d,224,7411.91,276.261,2048,25.68,4.43,13.57
resnet50,288,7359.67,278.229,2048,25.56,6.8,18.37
mambaout_tiny,224,7350.69,278.565,2048,26.55,4.49,16.68
resnet61q,256,7334.97,279.153,2048,36.85,7.8,17.01
efficientnet_b1,288,7302.14,140.186,1024,7.79,0.97,15.46
resnet101d,224,7300.66,280.47,2048,44.57,8.08,17.04
coatnet_rmlp_nano_rw_224,224,7289.3,70.203,512,15.15,2.62,20.34
hrnet_w18,224,7277.45,281.369,2048,21.3,4.32,16.31
hrnet_w18_ssld,224,7266.67,281.785,2048,21.3,4.32,16.31
xcit_tiny_12_p16_384,384,7259.01,282.071,2048,6.72,3.64,18.26
vit_base_resnet50d_224,224,7213.29,283.872,2048,110.97,8.73,16.92
ecaresnetlight,288,7197.14,284.509,2048,30.16,6.79,13.91
ecaresnet26t,320,7196.29,284.534,2048,16.01,5.24,16.44
hgnet_tiny,288,7188.44,213.636,1536,14.74,7.51,10.51
tf_efficientnet_b2,260,7158.45,143.019,1024,9.11,1.02,13.83
pvt_v2_b2,224,7153.82,143.097,1024,25.36,4.05,27.53
vit_medium_patch16_gap_256,256,7142.24,286.688,2048,38.86,10.59,22.15
focalnet_tiny_lrf,224,7117.24,287.699,2048,28.65,4.49,17.76
mixnet_l,224,7109.56,288.007,2048,7.33,0.58,10.84
coatnet_bn_0_rw_224,224,7108.26,71.993,512,27.44,4.67,22.04
vgg13,224,7093.38,288.662,2048,133.05,11.31,12.25
ecaresnet50t,256,7089.56,288.817,2048,25.57,5.64,15.45
nfnet_f0,192,7084.52,289.03,2048,71.49,7.21,10.16
swin_tiny_patch4_window7_224,224,7080.3,289.215,2048,28.29,4.51,17.06
vgg13_bn,224,7056.75,290.161,2048,133.05,11.33,12.25
nf_resnet101,224,7042.57,290.748,2048,44.55,8.01,16.23
skresnext50_32x4d,224,7006.91,292.217,2048,27.48,4.5,17.18
dpn68b,288,7004.47,292.328,2048,12.61,3.89,17.3
gc_efficientnetv2_rw_t,288,7001.28,292.473,2048,13.68,3.2,16.45
eca_nfnet_l0,288,6999.41,292.543,2048,24.14,7.12,17.29
nfnet_l0,288,6952.83,294.51,2048,35.07,7.13,17.29
resnet50t,288,6951.94,294.55,2048,25.57,7.14,19.53
rdnet_tiny,224,6934.72,295.286,2048,23.86,5.06,15.98
repvit_m2_3,224,6923.06,295.758,2048,22.93,4.52,21.32
dm_nfnet_f0,192,6917.45,296.009,2048,71.49,7.21,10.16
resnet50d,288,6911.12,296.272,2048,25.58,7.19,19.7
efficientnet_b2,288,6909.48,148.162,1024,9.11,1.12,16.2
tf_efficientnet_cc_b0_4e,224,6908.68,296.402,2048,13.31,0.41,9.42
wide_resnet50_2,224,6898.62,296.814,2048,68.88,11.43,14.4
cspdarknet53,256,6867.5,298.167,2048,27.64,6.57,16.81
resnetv2_101,224,6831.28,299.766,2048,44.54,7.83,16.23
resnet101_clip_gap,224,6812.4,300.579,2048,42.52,9.11,17.56
resnetv2_50,288,6811.42,300.64,2048,25.55,6.79,18.37
mobilenetv4_hybrid_medium,384,6809.13,150.348,1024,11.07,3.01,21.18
nf_resnet50,288,6807.51,300.795,2048,25.56,6.88,18.37
efficientnetv2_rw_t,288,6798.88,301.172,2048,13.65,3.19,16.42
resnetaa101d,224,6791.81,301.48,2048,44.57,9.12,17.56
repvgg_b2g4,224,6773.45,302.298,2048,55.78,11.33,6.45
vit_medium_patch16_reg1_gap_256,256,6753.6,303.188,2048,38.88,10.63,22.26
hiera_tiny_224,224,6751.27,303.298,2048,27.91,4.91,17.13
efficientvit_l2,224,6741.65,151.845,1024,63.71,6.97,19.58
regnetx_040,224,6733.91,304.091,2048,22.12,3.99,12.2
swinv2_cr_tiny_224,224,6721.3,304.673,2048,28.33,4.66,28.45
edgenext_small_rw,320,6716.63,304.866,2048,7.83,2.46,14.85
halonet50ts,256,6715.93,304.884,2048,22.73,5.3,19.2
swinv2_cr_tiny_ns_224,224,6710.1,305.177,2048,28.33,4.66,28.45
cs3darknet_x,256,6704.49,305.421,2048,35.05,8.38,11.35
vitamin_small_224,224,6689.21,76.498,512,22.17,5.92,26.38
resnetv2_34d,384,6688.68,306.158,2048,21.82,11.49,13.35
vit_medium_patch16_reg4_gap_256,256,6687.9,306.167,2048,38.88,10.76,22.6
resnest50d,224,6685.61,306.284,2048,27.48,5.4,14.36
efficientnet_cc_b0_8e,224,6666.99,307.143,2048,24.01,0.42,9.42
gcresnext50ts,288,6659.02,307.505,2048,15.67,4.75,19.57
vit_small_plus_patch16_dinov3_qkvb,256,6651.07,307.847,2048,28.69,8.11,21.84
vit_small_plus_patch16_dinov3,256,6649.77,307.925,2048,28.68,8.11,21.84
tf_mixnet_l,224,6649.65,307.924,2048,7.33,0.58,10.84
resnet101s,224,6641.93,308.309,2048,44.67,9.19,18.64
gcvit_xtiny,224,6632.07,308.75,2048,19.98,2.93,20.26
resnetv2_101d,224,6599.95,310.27,2048,44.56,8.07,17.04
resnetblur101d,224,6580.28,311.175,2048,44.57,9.12,17.94
gcresnet50t,288,6577.91,311.301,2048,25.9,6.86,18.57
resnetaa50,288,6533.74,313.39,2048,25.56,8.52,19.24
nf_ecaresnet101,224,6530.76,313.534,2048,44.55,8.01,16.27
nf_seresnet101,224,6523.56,313.888,2048,49.33,8.02,16.27
dla102x,224,6512.11,314.449,2048,26.31,5.89,19.42
rexnetr_300,224,6504.89,78.684,512,34.81,3.39,22.16
resnet101_clip,224,6499.23,315.075,2048,56.26,9.81,18.08
regnety_040_sgn,224,6437.28,318.088,2048,20.65,4.03,12.29
efficientvit_b2,288,6432.19,159.156,1024,24.33,2.64,24.03
regnety_032,224,6420.84,318.91,2048,19.44,3.2,11.26
fbnetv3_g,288,6414.71,159.587,1024,16.62,1.77,21.09
res2net50_26w_6s,224,6413.58,319.28,2048,37.05,6.33,15.28
tf_efficientnet_cc_b0_8e,224,6397.26,320.096,2048,24.01,0.42,9.42
tf_efficientnetv2_b3,300,6394.48,320.208,2048,14.36,3.04,15.74
mobilevitv2_150,256,6394.34,80.034,512,10.59,4.09,24.11
ese_vovnet57b,256,6349.69,322.471,2048,38.61,11.69,9.82
resnet51q,288,6347.82,322.577,2048,35.7,8.07,20.94
nf_regnet_b4,320,6334.09,323.272,2048,30.21,3.29,19.88
mvitv2_tiny,224,6295.77,325.252,2048,24.17,4.7,21.16
wide_resnet101_2,176,6275.86,326.267,2048,126.89,14.31,13.18
botnet50ts_256,256,6271.29,326.519,2048,22.74,5.54,22.23
vit_medium_patch16_rope_reg1_gap_256,256,6257.41,327.236,2048,38.74,10.63,22.26
fasternet_m,224,6252.54,327.491,2048,53.52,8.74,15.34
tresnet_v2_l,224,6222.01,329.085,2048,46.17,8.85,16.34
resnetblur50,288,6205.5,247.487,1536,25.56,8.52,19.87
resnetaa50d,288,6189.75,330.817,2048,25.58,8.92,20.57
legacy_seresnet101,224,6124.38,334.333,2048,49.33,7.61,15.74
coatnet_rmlp_0_rw_224,224,6116.11,83.685,512,27.45,4.72,24.89
maxxvit_rmlp_nano_rw_256,256,6089.11,252.199,1536,16.78,4.37,26.05
cs3sedarknet_xdw,256,6086.82,336.406,2048,21.6,5.97,17.18
fastvit_sa24,256,6080.04,252.589,1536,21.5,3.77,20.35
ecaresnet101d_pruned,288,6073.12,337.17,2048,24.88,5.75,12.71
crossvit_18_240,240,6071.05,337.271,2048,43.27,9.05,26.26
twins_pcpvt_base,224,6059.75,337.915,2048,43.83,6.68,25.25
darknet53,288,6059.21,337.942,2048,41.61,11.78,15.68
swin_s3_tiny_224,224,6047.07,338.611,2048,28.33,4.64,19.13
poolformerv2_s36,224,6035.3,339.284,2048,30.79,5.01,15.82
repvgg_b2,224,6031.59,339.494,2048,80.32,18.38,6.45
seresnet101,224,6028.25,339.674,2048,49.33,7.84,16.27
vit_base_patch32_clip_384,384,6026.13,339.814,2048,88.3,13.06,16.5
pvt_v2_b2_li,224,6026.06,169.881,1024,22.55,3.91,27.6
darknetaa53,288,6024.3,339.914,2048,36.02,10.08,15.68
hieradet_small,256,6021.64,127.502,768,34.73,8.51,27.76
resnext101_32x4d,224,6019.21,340.17,2048,44.18,8.01,21.23
ese_vovnet39b,288,6017.64,340.271,2048,24.57,11.71,11.13
rexnetr_200,288,6011.76,85.128,512,16.52,2.62,24.96
resnext101_32x8d,176,5940.79,344.678,2048,88.79,10.33,19.37
resnetblur50d,288,5890.07,260.739,1536,25.58,8.92,21.19
halo2botnet50ts_256,256,5875.19,348.533,2048,22.64,5.02,21.78
ecaresnet101d,224,5872.48,348.692,2048,44.57,8.08,17.07
regnetx_080,224,5867.05,349.015,2048,39.57,8.02,14.06
resnext50_32x4d,288,5849.47,350.071,2048,25.03,7.04,23.81
vit_base_patch32_384,384,5844.52,350.36,2048,88.3,13.06,16.5
nextvit_base,224,5828.38,351.328,2048,44.79,8.29,23.71
seresnet50,288,5822.36,351.674,2048,28.09,6.8,18.39
vit_large_patch32_224,224,5818.46,351.917,2048,305.51,15.39,13.3
resmlp_36_224,224,5812.35,352.3,2048,44.69,8.91,16.33
hrnet_w32,224,5811.88,352.328,2048,41.23,8.97,22.02
resnet61q,288,5801.5,352.935,2048,36.85,9.87,21.52
coat_lite_small,224,5799.39,353.087,2048,19.84,3.96,22.09
convnext_tiny,288,5767.88,355.019,2048,28.59,7.39,22.21
densenet201,224,5750.52,356.09,2048,20.01,4.34,7.85
crossvit_18_dagger_240,240,5744.56,356.456,2048,44.27,9.5,27.03
cs3sedarknet_x,256,5731.57,357.263,2048,35.4,8.38,11.35
maxvit_nano_rw_256,256,5709.95,67.21,384,15.45,4.46,30.28
xcit_tiny_12_p8_224,224,5706.67,358.807,2048,6.71,4.81,23.6
vgg16,224,5705.69,358.892,2048,138.36,15.47,13.56
convnext_tiny_hnf,288,5703.18,359.05,2048,28.59,7.39,22.21
efficientvit_b3,224,5702.63,179.523,1024,48.65,3.99,26.9
rexnet_300,224,5697.05,89.844,512,34.71,3.44,22.4
maxvit_rmlp_nano_rw_256,256,5685.95,67.496,384,15.5,4.47,31.92
vgg16_bn,224,5682.52,360.345,2048,138.37,15.5,13.56
convnext_small,224,5628.79,363.794,2048,50.22,8.71,21.56
densenet121,288,5627.68,363.863,2048,7.98,4.74,11.41
pit_b_224,224,5609.72,365.024,2048,73.76,12.42,32.94
pit_b_distilled_224,224,5595.34,365.968,2048,74.79,12.5,33.07
ecaresnet50t,288,5593.66,366.075,2048,25.57,7.14,19.55
seresnet50t,288,5583.55,366.748,2048,28.1,7.14,19.55
resnet101d,256,5571.45,367.525,2048,44.57,10.55,22.25
mobilenetv4_conv_large,384,5562.57,184.043,1024,32.59,6.43,27.31
resnext50d_32x4d,288,5553.43,368.74,2048,25.05,7.44,25.13
inception_next_small,224,5550.27,368.929,2048,49.37,8.36,19.27
ecaresnet50d,288,5549.85,368.954,2048,25.58,7.19,19.72
repvgg_b3g4,224,5549.55,368.976,2048,75.63,16.06,7.55
res2net101_26w_4s,224,5502.34,372.146,2048,45.21,8.1,18.45
coatnet_0_224,224,5487.18,69.952,384,25.04,4.58,24.01
regnetz_c16,256,5486.65,373.222,2048,13.46,2.51,16.57
hiera_small_224,224,5460.78,374.979,2048,35.01,6.42,20.75
efficientnetv2_s,288,5456.18,375.286,2048,21.46,4.75,20.13
poolformer_s36,224,5425.82,377.392,2048,30.86,5.0,15.82
cs3edgenet_x,256,5384.72,380.279,2048,47.82,11.53,12.92
lambda_resnet26t,256,5382.45,380.453,2048,10.96,3.02,11.87
resnet152,224,5361.91,381.914,2048,60.19,11.56,22.56
swinv2_tiny_window8_256,256,5354.27,382.464,2048,28.35,5.96,24.57
res2net101d,224,5331.96,384.034,2048,45.23,8.35,19.25
convnextv2_tiny,288,5313.71,385.369,2048,28.64,7.39,22.21
resnet50_gn,288,5295.12,386.705,2048,25.56,6.85,18.37
dla169,224,5288.24,387.22,2048,53.39,11.6,20.2
mobilevitv2_175,256,5286.28,96.807,512,14.25,5.54,28.13
regnetz_c16_evos,256,5264.43,388.99,2048,13.49,2.48,16.57
cs3darknet_x,288,5261.95,389.148,2048,35.05,10.6,14.36
densenetblur121d,288,5257.17,292.125,1536,8.0,5.14,13.06
resnet152c,224,5247.27,390.255,2048,60.21,11.8,23.36
mixer_b16_224,224,5238.71,390.885,2048,59.88,12.62,14.53
regnetz_b16,288,5225.63,391.868,2048,9.72,2.39,16.43
convnextv2_small,224,5211.02,392.965,2048,50.32,8.71,21.56
resnet152d,224,5201.83,393.674,2048,60.21,11.8,23.36
resnetv2_101x1_bit,224,5189.13,394.633,2048,44.54,8.04,16.23
edgenext_base,320,5189.12,394.621,2048,18.51,6.01,24.32
volo_d1_224,224,5187.93,394.695,2048,26.63,6.94,24.43
efficientvit_l2,256,5185.58,148.07,768,63.71,9.09,25.49
hgnetv2_b5,288,5183.32,395.056,2048,39.57,10.84,18.5
convit_small,224,5180.14,395.298,2048,27.78,5.76,17.87
csatv2_21m,640,5178.99,395.396,2048,20.7,4.72,26.68
res2net50_26w_8s,224,5167.11,396.303,2048,48.4,8.37,17.95
tnt_s_legacy_patch16_224,224,5160.11,396.817,2048,23.76,5.24,24.37
regnetx_064,224,5159.07,396.934,2048,26.21,6.49,16.37
efficientnetv2_rw_s,288,5157.24,397.058,2048,23.94,4.91,21.41
efficientnet_b3,288,5152.4,99.337,512,12.23,1.63,21.49
convnext_nano,384,5139.35,398.445,2048,15.59,7.22,24.61
vit_small_resnet50d_s16_224,224,5132.64,398.944,2048,57.53,13.48,24.82
eca_nfnet_l1,256,5118.26,400.082,2048,41.41,9.62,22.04
cait_xxs24_224,224,5096.95,401.758,2048,11.96,2.53,20.29
inception_v4,299,5081.95,402.931,2048,42.68,12.28,15.09
seresnetaa50d,288,5074.27,403.557,2048,28.11,8.92,20.59
tnt_s_patch16_224,224,5070.97,403.797,2048,23.77,5.25,24.37
seresnext101_32x4d,224,5053.6,405.213,2048,48.96,8.02,21.26
maxxvitv2_nano_rw_256,256,5051.62,202.663,1024,23.7,6.26,23.05
legacy_seresnext101_32x4d,224,5029.91,407.098,2048,48.96,8.02,21.26
vit_base_patch16_clip_quickgelu_224,224,5018.16,408.084,2048,86.19,17.58,23.9
vit_base_patch16_clip_224,224,5008.11,408.901,2048,86.57,17.58,23.9
efficientnet_cc_b1_8e,240,5007.55,408.942,2048,39.72,0.75,15.44
pvt_v2_b3,224,4997.19,204.874,1024,45.24,6.92,37.7
maxvit_tiny_rw_224,224,4981.1,102.747,512,29.06,5.11,33.11
mixer_l32_224,224,4977.1,411.419,2048,206.94,11.27,19.86
vit_base_patch16_xp_224,224,4966.09,412.328,2048,86.51,17.56,23.9
regnetz_b16_evos,288,4954.17,413.345,2048,9.74,2.36,16.43
xcit_small_24_p16_224,224,4928.72,415.448,2048,47.67,9.1,23.64
hgnet_small,288,4914.73,312.469,1536,24.36,14.09,14.53
resnetv2_50d_gn,288,4914.08,416.726,2048,25.57,7.24,19.7
deit3_base_patch16_224,224,4900.08,417.895,2048,86.59,17.58,23.9
resnetv2_34d,448,4899.67,417.946,2048,21.82,15.64,18.16
resnetv2_50d_evos,288,4895.6,418.293,2048,25.59,7.15,19.7
vit_betwixt_patch16_gap_256,256,4883.08,419.356,2048,60.37,16.25,27.69
davit_small,224,4869.35,157.68,768,49.75,8.8,30.49
vit_base_patch16_224_miil,224,4868.75,420.599,2048,94.4,17.59,23.91
tresnet_l,224,4868.2,420.63,2048,55.99,10.9,11.9
deit_base_patch16_224,224,4865.51,420.866,2048,86.57,17.58,23.9
vit_base_patch16_siglip_gap_224,224,4863.83,421.022,2048,85.8,17.49,23.75
deit_base_distilled_patch16_224,224,4858.13,421.504,2048,87.34,17.68,24.05
vit_base_patch16_224,224,4856.08,421.703,2048,86.57,17.58,23.9
vit_pe_spatial_tiny_patch16_512,512,4853.5,421.901,2048,5.68,10.46,61.64
seresnext50_32x4d,288,4845.15,422.628,2048,27.56,7.04,23.82
vit_base_patch16_siglip_224,224,4840.19,423.086,2048,92.88,17.73,24.06
coatnet_rmlp_1_rw_224,224,4839.8,317.311,1536,41.69,7.85,35.47
resnet152s,224,4837.27,423.324,2048,60.32,12.92,24.96
efficientnet_x_b3,288,4819.38,424.905,2048,13.3,3.91,15.6
fastvit_mci1,256,4797.1,320.146,1536,21.46,4.67,27.3
caformer_s36,224,4784.26,428.017,2048,39.3,8.0,37.53
vit_small_patch16_36x1_224,224,4781.1,428.29,2048,64.67,13.71,35.69
vgg19,224,4778.93,428.503,2048,143.67,19.63,14.86
regnetv_040,288,4776.82,428.674,2048,20.64,6.6,20.3
vit_base_mci_224,224,4773.35,429.002,2048,86.35,17.73,24.65
mobilenetv4_hybrid_medium,448,4771.68,160.899,768,11.07,4.2,29.64
ese_vovnet99b,224,4763.0,429.925,2048,63.2,16.51,11.27
regnetv_064,224,4761.53,430.063,2048,30.58,6.39,16.41
vit_small_patch16_18x2_224,224,4760.21,430.159,2048,64.67,13.71,35.69
vgg19_bn,224,4748.04,431.261,2048,143.68,19.66,14.86
resnetv2_152,224,4743.49,431.709,2048,60.19,11.55,22.56
nextvit_large,224,4736.59,432.31,2048,57.83,10.77,28.99
legacy_xception,299,4720.27,162.655,768,22.86,8.4,35.83
mixnet_xl,224,4715.54,434.251,2048,11.9,0.93,14.57
vit_base_patch16_gap_224,224,4696.88,435.974,2048,86.57,17.49,25.59
regnety_040,288,4695.12,436.129,2048,20.65,6.61,20.3
mambaout_small,224,4686.22,436.98,2048,48.49,8.96,27.72
mobilevitv2_200,256,4677.99,82.052,384,18.45,7.22,32.15
vit_betwixt_patch16_reg1_gap_256,256,4675.61,437.95,2048,60.4,16.32,27.83
convnextv2_nano,384,4669.27,438.56,2048,15.62,7.22,24.61
convformer_s36,224,4647.91,440.578,2048,40.01,7.67,30.5
resnetv2_152d,224,4641.94,441.151,2048,60.2,11.8,23.36
rdnet_small,224,4636.62,441.632,2048,50.44,8.74,22.55
vit_pe_core_base_patch16_224,224,4636.04,441.696,2048,93.67,17.82,24.21
mvitv2_small,224,4635.02,441.802,2048,34.87,7.0,28.08
regnety_064,224,4631.7,442.118,2048,30.58,6.39,16.41
vit_betwixt_patch16_reg4_gap_256,256,4621.57,443.076,2048,60.4,16.52,28.24
mobilenetv4_conv_aa_large,384,4618.75,221.667,1024,32.59,7.07,32.29
tf_efficientnetv2_s,300,4616.7,443.561,2048,21.46,5.35,22.73
resnet101,288,4579.47,447.17,2048,44.55,12.95,26.83
repvgg_b3,224,4572.74,447.829,2048,110.96,26.21,7.55
coatnet_1_rw_224,224,4571.48,111.962,512,41.72,8.04,34.6
vit_base_patch16_rope_ape_224,224,4565.47,448.535,2048,86.59,17.58,23.9
vit_base_patch16_rope_224,224,4560.09,449.074,2048,86.43,17.58,23.9
mambaout_small_rw,224,4555.42,449.507,2048,48.5,8.96,27.72
beit_base_patch16_224,224,4550.91,449.963,2048,86.53,17.58,23.9
beitv2_base_patch16_224,224,4529.87,452.051,2048,86.53,17.58,23.9
cs3sedarknet_x,288,4521.2,452.91,2048,35.4,10.6,14.37
densenet161,224,4515.56,453.486,2048,28.68,7.79,11.06
ecaresnet50t,320,4508.02,454.242,2048,25.57,8.82,24.13
vit_base_patch32_clip_448,448,4495.35,455.511,2048,88.34,17.93,23.9
sequencer2d_s,224,4490.23,456.055,2048,27.65,4.96,11.31
vit_relpos_base_patch16_224,224,4482.14,456.856,2048,86.43,17.51,24.97
fastvit_sa36,256,4478.36,342.93,1536,31.46,5.59,29.46
cs3se_edgenet_x,256,4477.97,457.286,2048,50.72,11.53,12.94
focalnet_small_srf,224,4477.64,457.326,2048,49.89,8.62,26.26
tf_efficientnet_cc_b1_8e,240,4474.87,457.624,2048,39.72,0.75,15.44
eva02_base_patch16_clip_224,224,4465.29,458.599,2048,86.26,17.62,26.32
hrnet_w30,224,4464.78,458.638,2048,37.71,8.15,21.21
fasternet_l,224,4462.02,458.932,2048,93.47,15.52,20.46
vit_relpos_base_patch16_cls_224,224,4454.27,459.712,2048,86.43,17.6,25.12
xception41p,299,4453.26,114.933,512,26.91,9.25,39.86
vit_relpos_base_patch16_clsgap_224,224,4452.88,459.857,2048,86.43,17.6,25.12
efficientnet_el,300,4442.51,460.942,2048,10.59,8.0,30.7
vit_base_patch16_rpn_224,224,4431.48,462.092,2048,86.54,17.49,23.75
beit3_base_patch16_224,224,4427.7,462.484,2048,86.66,17.63,23.9
efficientnet_el_pruned,300,4423.87,462.887,2048,10.59,8.0,30.7
efficientvit_b3,256,4423.02,173.594,768,48.65,5.2,35.01
tf_efficientnet_el,300,4400.15,465.364,2048,10.59,8.0,30.7
vit_small_patch16_384,384,4362.61,469.379,2048,22.2,15.52,50.78
deit3_small_patch16_384,384,4348.75,470.882,2048,22.21,15.52,50.78
swin_small_patch4_window7_224,224,4329.58,472.953,2048,49.61,8.77,27.47
hrnet_w18_ssld,288,4326.11,473.339,2048,21.3,7.14,26.96
twins_pcpvt_large,224,4306.86,475.463,2048,60.99,9.84,35.82
vit_betwixt_patch16_rope_reg4_gap_256,256,4300.18,476.199,2048,60.23,16.52,28.24
dla102x2,224,4286.41,477.731,2048,41.28,9.34,29.91
gcvit_tiny,224,4282.92,478.12,2048,28.22,4.79,29.82
cs3edgenet_x,288,4278.64,478.596,2048,47.82,14.59,16.36
regnety_080,224,4277.88,478.675,2048,39.18,8.0,17.97
flexivit_base,240,4266.1,480.007,2048,86.59,20.29,28.36
legacy_seresnet152,224,4262.62,480.388,2048,66.82,11.33,22.08
focalnet_small_lrf,224,4260.62,480.62,2048,50.34,8.74,28.61
maxxvit_rmlp_tiny_rw_256,256,4255.76,360.873,1536,29.64,6.66,39.76
regnetz_040,256,4244.09,482.509,2048,27.12,4.06,24.19
nf_regnet_b4,384,4230.81,484.01,2048,30.21,4.7,28.61
regnetz_040_h,256,4214.65,485.87,2048,28.94,4.12,24.29
seresnet152,224,4209.15,486.508,2048,66.82,11.57,22.61
efficientformer_l7,224,4208.02,486.622,2048,82.23,10.17,24.45
poolformerv2_m36,224,4182.43,489.598,2048,56.08,8.81,22.02
resnest50d_4s2x40d,224,4162.56,491.946,2048,30.42,4.4,17.94
efficientnet_b3_gn,288,4151.18,123.3,512,11.73,1.74,23.35
wide_resnet50_2,288,4144.97,494.036,2048,68.88,18.89,23.81
efficientnet_b3,320,4139.74,123.643,512,12.23,2.01,26.52
resnetv2_101,288,4127.73,496.103,2048,44.54,12.94,26.83
nfnet_f0,256,4102.15,499.2,2048,71.49,12.62,18.05
vit_mediumd_patch16_reg4_gap_256,256,4093.68,500.221,2048,64.11,17.87,37.57
resnetaa101d,288,4089.86,500.684,2048,44.57,15.07,29.03
vit_base_patch16_rope_mixed_ape_224,224,4083.47,501.483,2048,86.59,17.58,25.7
regnetz_d8,256,4080.96,501.792,2048,23.37,3.97,23.74
vit_base_patch16_rope_mixed_224,224,4077.65,502.195,2048,86.44,17.58,25.7
tf_efficientnet_b3,300,4077.03,125.553,512,12.23,1.87,23.83
efficientvit_l2,288,4072.6,188.537,768,63.71,11.51,32.19
mobilenetv4_conv_large,448,4072.54,188.53,768,32.59,8.75,37.17
nest_tiny,224,4067.72,503.413,2048,17.06,5.83,25.48
vit_relpos_base_patch16_rpn_224,224,4065.06,503.755,2048,86.41,17.51,24.97
gmlp_b16_224,224,4063.91,503.899,2048,73.08,15.78,30.21
mambaout_tiny,288,4054.68,505.035,2048,26.55,7.41,27.58
swinv2_cr_small_224,224,4053.16,505.24,2048,49.7,9.07,50.27
swinv2_cr_small_ns_224,224,4049.37,505.713,2048,49.7,9.08,50.27
vit_pe_core_small_patch16_384,384,4048.23,505.85,2048,23.78,15.69,51.23
ese_vovnet57b,320,4035.7,507.408,2048,38.61,18.26,15.34
nest_tiny_jx,224,4033.26,507.726,2048,17.06,5.83,25.48
eva02_small_patch14_336,336,4002.63,511.61,2048,22.13,15.48,54.33
hiera_small_abswin_256,256,3998.63,512.119,2048,34.36,8.29,26.38
inception_resnet_v2,299,3997.89,512.208,2048,55.84,13.18,25.06
dm_nfnet_f0,256,3997.17,512.292,2048,71.49,12.62,18.05
rexnetr_300,288,3992.4,64.095,256,34.81,5.59,36.61
levit_conv_384_s8,224,3984.11,513.979,2048,39.06,9.95,35.86
resnet152d,256,3967.91,516.073,2048,60.21,15.41,30.51
xcit_tiny_24_p16_384,384,3963.42,516.657,2048,12.12,6.87,34.29
resnetblur101d,288,3960.0,387.83,1536,44.57,15.07,29.65
regnety_080_tv,224,3959.24,517.198,2048,39.38,8.51,19.73
regnetz_d8_evos,256,3955.64,517.688,2048,23.46,4.5,24.92
coatnet_rmlp_1_rw2_224,224,3929.7,130.254,512,41.72,8.11,40.13
wide_resnet101_2,224,3923.26,521.957,2048,126.89,22.8,21.23
regnety_040_sgn,288,3912.74,523.349,2048,20.65,6.67,20.3
maxvit_tiny_tf_224,224,3909.86,130.906,512,30.92,5.6,35.78
dpn98,224,3906.61,524.187,2048,61.57,11.73,25.2
levit_384_s8,224,3883.43,527.308,2048,39.06,9.95,35.86
resnet200,224,3879.65,527.811,2048,64.67,15.07,32.19
maxvit_tiny_rw_256,256,3869.89,99.19,384,29.07,6.74,44.35
maxvit_rmlp_tiny_rw_256,256,3854.97,99.571,384,29.15,6.77,46.92
convnext_base,224,3853.03,531.481,2048,88.59,15.38,28.75
mobilenetv4_hybrid_large,384,3819.2,268.059,1024,37.76,7.77,34.52
vit_mediumd_patch16_rope_reg1_gap_256,256,3804.91,538.193,2048,63.95,17.65,37.02
mvitv2_small_cls,224,3769.32,543.275,2048,34.87,7.04,28.17
vit_base_patch16_siglip_gap_256,256,3767.74,543.506,2048,85.84,23.13,33.23
lamhalobotnet50ts_256,256,3760.89,544.504,2048,22.57,5.02,18.44
efficientnet_lite4,380,3741.03,102.612,384,13.01,4.04,45.66
vit_base_patch16_siglip_256,256,3734.93,548.26,2048,92.93,23.44,33.63
hgnetv2_b6,224,3730.69,548.898,2048,75.26,16.88,21.23
resnext101_64x4d,224,3727.59,549.366,2048,83.46,15.52,31.21
tf_efficientnet_lite4,380,3720.43,103.189,384,13.01,4.04,45.66
regnety_032,288,3709.7,552.01,2048,19.44,5.29,18.61
regnetx_120,224,3705.87,552.57,2048,46.11,12.13,21.37
inception_next_base,224,3705.54,552.629,2048,86.67,14.85,25.69
hiera_base_224,224,3698.77,553.645,2048,51.52,9.4,30.42
vit_large_r50_s32_224,224,3677.81,556.781,2048,328.99,19.58,24.41
resnext101_32x4d,288,3641.61,562.333,2048,44.18,13.24,35.09
xception41,299,3635.46,140.792,512,26.97,9.28,39.86
poolformer_m36,224,3634.68,563.405,2048,56.17,8.8,22.02
resnext101_32x8d,224,3628.15,564.404,2048,88.79,16.48,31.21
seresnet101,288,3615.84,566.341,2048,49.33,12.95,26.87
swinv2_tiny_window16_256,256,3591.1,570.256,2048,28.35,6.68,39.02
convnextv2_base,224,3585.16,571.189,2048,88.72,15.38,28.75
vit_base_patch16_reg4_gap_256,256,3578.54,572.244,2048,86.62,23.5,33.89
crossvit_base_240,240,3563.06,574.732,2048,105.03,21.22,36.33
resnet101d,320,3551.83,576.538,2048,44.57,16.48,34.77
ecaresnet101d,288,3526.44,580.69,2048,44.57,13.35,28.19
pvt_v2_b4,224,3521.78,290.716,1024,62.56,10.14,53.74
sequencer2d_m,224,3518.42,582.032,2048,38.31,6.55,14.26
coatnet_1_224,224,3509.33,109.38,384,42.23,8.7,39.0
vit_small_r26_s32_384,384,3505.25,584.203,2048,36.47,10.43,29.85
resnetrs101,288,3498.63,585.317,2048,63.62,13.56,28.53
regnety_120,224,3493.12,586.22,2048,51.82,12.14,21.38
efficientvit_b3,288,3465.89,221.538,768,48.65,6.58,44.2
regnetz_d32,256,3449.03,593.742,2048,27.58,5.98,23.74
pvt_v2_b5,224,3446.78,594.115,2048,81.96,11.76,50.92
cait_xxs36_224,224,3439.85,595.31,2048,17.3,3.77,30.34
vit_base_patch16_plus_clip_240,240,3416.11,599.448,2048,117.21,27.41,33.08
regnetz_c16,320,3415.31,599.603,2048,13.46,3.92,25.88
davit_base,224,3408.72,225.254,768,87.95,15.51,40.66
twins_svt_base,224,3403.19,601.729,2048,56.07,8.59,26.33
coat_tiny,224,3400.3,602.248,2048,5.5,4.35,27.2
vit_base_patch16_rope_reg1_gap_256,256,3392.17,603.687,2048,86.43,23.22,33.39
convnext_small,288,3390.13,604.03,2048,50.22,14.39,35.65
mobilenetv4_conv_aa_large,448,3362.38,228.355,768,32.59,9.63,43.94
eva02_base_patch14_224,224,3355.79,610.233,2048,85.76,23.22,36.55
hrnet_w48,224,3352.71,610.78,2048,77.47,17.34,28.56
hrnet_w48_ssld,224,3351.96,610.917,2048,77.47,17.34,28.56
efficientnet_b3_gn,320,3342.41,114.854,384,11.73,2.14,28.83
xcit_medium_24_p16_224,224,3341.93,612.749,2048,84.4,16.13,31.71
vit_base_patch16_plus_240,240,3326.29,615.64,2048,117.56,27.41,33.08
caformer_m36,224,3306.7,619.297,2048,56.2,13.29,50.48
fastvit_ma36,256,3303.18,464.94,1536,43.98,7.82,34.98
seresnext101_64x4d,224,3292.77,621.915,2048,88.23,15.53,31.25
eca_nfnet_l1,320,3277.75,624.76,2048,41.41,14.92,34.42
lambda_resnet50ts,256,3264.67,627.28,2048,21.54,5.07,17.48
regnetz_c16_evos,320,3258.21,628.513,2048,13.49,3.86,25.88
convformer_m36,224,3244.56,631.156,2048,57.05,12.89,42.05
fastvit_mci2,256,3237.81,474.33,1536,35.7,7.85,36.09
tresnet_xl,224,3235.85,632.856,2048,78.44,15.2,15.34
hgnet_base,224,3232.91,633.422,2048,71.58,25.14,15.47
convnext_tiny,384,3224.53,635.064,2048,28.59,13.14,39.48
seresnext101_32x8d,224,3223.32,635.327,2048,93.57,16.48,31.25
vit_base_r50_s16_224,224,3222.28,635.517,2048,97.89,21.66,35.28
xception65p,299,3221.01,158.903,512,39.82,13.91,52.48
resnet152,288,3215.32,636.896,2048,60.19,19.11,37.28
swinv2_cr_small_ns_256,256,3212.09,637.545,2048,49.7,12.07,76.21
mvitv2_base,224,3211.54,637.643,2048,51.47,10.16,40.5
regnetx_160,224,3203.09,639.322,2048,54.28,15.99,25.52
swinv2_small_window8_256,256,3200.4,639.871,2048,49.73,11.58,40.14
poolformerv2_m48,224,3165.51,646.903,2048,73.35,11.59,29.17
hrnet_w40,224,3159.83,648.069,2048,57.56,12.75,25.29
xcit_nano_12_p8_384,384,3157.24,648.605,2048,3.05,6.34,46.08
seresnext101d_32x8d,224,3157.1,648.636,2048,93.59,16.72,32.05
efficientnet_b4,320,3151.93,162.4,512,19.34,3.13,34.76
xcit_small_12_p16_384,384,3149.86,650.111,2048,26.25,14.14,36.51
vit_small_patch8_224,224,3149.13,650.284,2048,21.67,22.44,80.84
resnest101e,256,3148.83,650.332,2048,48.28,13.38,28.66
seresnet152d,256,3146.0,650.932,2048,66.84,15.42,30.56
resnetrs152,256,3139.99,652.17,2048,86.62,15.59,30.83
maxvit_tiny_pm_256,256,3137.92,122.333,384,30.09,6.61,47.9
swinv2_base_window12_192,192,3133.68,653.485,2048,109.28,11.9,39.72
mixnet_xxl,224,3094.47,330.865,1024,23.96,2.04,23.43
focalnet_base_srf,224,3094.18,661.821,2048,88.15,15.28,35.01
regnety_160,224,3093.05,662.064,2048,83.59,15.96,23.04
hrnet_w44,224,3079.96,664.881,2048,67.06,14.94,26.92
vit_relpos_base_patch16_plus_240,240,3065.37,668.047,2048,117.38,27.3,34.33
samvit_base_patch16_224,224,3061.52,668.883,2048,86.46,17.54,24.54
maxvit_rmlp_small_rw_224,224,3057.98,167.384,512,64.9,10.75,49.3
efficientnetv2_s,384,3047.66,671.934,2048,21.46,8.44,35.77
swin_base_patch4_window7_224,224,3046.6,672.161,2048,87.77,15.47,36.63
rdnet_base,224,3018.79,678.343,2048,87.45,15.4,31.14
seresnext101_32x4d,288,3012.59,679.762,2048,48.96,13.25,35.12
xcit_tiny_24_p8_224,224,3007.42,680.918,2048,12.11,9.21,45.39
convformer_s18,384,3003.86,511.288,1536,26.77,11.63,46.49
nfnet_f1,224,3001.03,682.365,2048,132.63,17.87,22.94
caformer_s18,384,2998.74,512.168,1536,26.34,13.42,77.34
vit_base_patch16_dinov3,256,2986.96,685.601,2048,85.64,23.6,34.06
vit_base_patch16_dinov3_qkvb,256,2983.11,686.475,2048,85.66,23.6,34.06
convnextv2_tiny,384,2968.85,689.772,2048,28.64,13.14,39.48
seresnextaa101d_32x8d,224,2966.55,690.3,2048,93.59,17.25,34.16
convnext_base,256,2941.45,696.188,2048,88.59,20.09,37.55
dm_nfnet_f1,224,2938.12,696.979,2048,132.63,17.87,22.94
mobilenetv4_conv_aa_large,480,2934.39,261.672,768,32.59,11.05,50.45
tf_efficientnetv2_s,384,2923.2,700.526,2048,21.46,8.44,35.77
volo_d2_224,224,2920.82,701.105,2048,58.68,14.34,41.34
vit_medium_patch16_gap_384,384,2913.31,702.915,2048,39.03,26.08,67.54
cait_s24_224,224,2906.47,704.577,2048,46.92,9.35,40.58
swinv2_cr_base_224,224,2896.47,707.006,2048,87.88,15.86,59.66
mambaout_base_tall_rw,224,2894.84,707.399,2048,86.48,16.15,38.74
resnet200d,256,2888.87,708.855,2048,64.69,20.0,43.09
swinv2_cr_base_ns_224,224,2882.75,710.38,2048,87.88,15.86,59.66
efficientnetv2_rw_s,384,2879.8,711.098,2048,23.94,8.72,38.03
cs3se_edgenet_x,320,2873.32,712.69,2048,50.72,18.01,20.21
focalnet_base_lrf,224,2868.13,713.98,2048,88.75,15.43,38.13
swin_s3_small_224,224,2858.71,716.333,2048,49.74,9.43,37.84
regnetv_064,288,2841.68,720.633,2048,30.58,10.55,27.11
dpn92,224,2841.13,720.784,2048,37.67,6.54,18.21
tresnet_m,448,2841.12,360.371,1024,31.39,22.99,29.21
resnet50x4_clip_gap,288,2835.75,722.141,2048,65.62,19.57,34.11
dpn131,224,2833.93,722.61,2048,79.25,16.09,32.97
convit_base,224,2810.29,728.698,2048,86.54,17.52,31.77
mambaout_base_short_rw,224,2803.31,730.502,2048,88.83,16.31,38.08
coat_lite_medium,224,2779.01,736.888,2048,44.57,9.81,40.06
tnt_b_patch16_224,224,2764.4,740.801,2048,65.43,14.1,39.01
hiera_base_plus_224,224,2757.43,742.656,2048,69.9,12.67,37.98
regnety_064,288,2756.47,742.91,2048,30.58,10.56,27.11
gcvit_small,224,2755.54,557.376,1536,51.09,8.57,41.61
mobilenetv5_base,256,2750.19,186.125,512,82.65,20.05,36.89
nf_regnet_b5,384,2750.03,744.647,2048,49.74,7.95,42.9
poolformer_m48,224,2748.14,745.16,2048,73.47,11.59,29.17
coat_mini,224,2713.2,754.769,2048,10.34,6.82,33.68
hiera_base_abswin_256,256,2699.74,758.531,2048,51.27,12.46,40.7
resnet50x4_clip,288,2699.18,758.673,2048,87.14,21.35,35.27
vitamin_base_224,224,2698.54,94.827,256,87.72,22.68,52.77
regnetz_040,320,2693.61,760.273,2048,27.12,6.35,37.78
regnetz_040_h,320,2680.59,763.959,2048,28.94,6.43,37.94
tiny_vit_21m_384,384,2670.71,191.651,512,21.22,13.72,77.83
hrnet_w64,224,2663.31,768.91,2048,128.06,28.97,35.09
mobilenetv4_hybrid_large,448,2656.97,288.986,768,37.76,10.74,48.61
coatnet_2_rw_224,224,2652.32,96.48,256,73.87,15.09,49.22
fastvit_mci3,256,2629.05,389.444,1024,125.07,14.82,44.88
xception65,299,2627.85,194.784,512,39.92,13.96,52.48
regnetz_d8,320,2608.54,785.057,2048,23.37,6.19,37.08
mambaout_small,288,2606.7,785.596,2048,48.49,14.81,45.82
crossvit_15_dagger_408,408,2598.83,787.974,2048,28.5,21.45,95.05
coatnet_rmlp_2_rw_224,224,2591.65,98.742,256,73.88,15.18,54.78
mvitv2_base_cls,224,2589.08,790.945,2048,65.44,10.23,40.65
maxxvit_rmlp_small_rw_256,256,2570.74,398.278,1024,66.01,14.67,58.38
efficientnetv2_m,320,2566.57,797.884,2048,54.14,11.01,39.97
efficientvit_l3,224,2541.67,201.398,512,246.04,27.62,39.16
mambaout_small_rw,288,2540.75,805.995,2048,48.5,14.81,45.82
nextvit_small,384,2540.43,806.095,2048,31.74,17.25,57.14
nest_small,224,2538.68,806.665,2048,38.35,10.35,40.04
seresnet152,288,2530.5,809.27,2048,66.82,19.11,37.34
nest_small_jx,224,2522.97,811.678,2048,38.35,10.35,40.04
resnet152d,320,2522.55,811.81,2048,60.21,24.08,47.67
mobilevitv2_150,384,2514.4,101.777,256,10.59,9.2,54.25
regnety_080,288,2499.59,819.266,2048,39.18,13.22,29.69
dpn107,224,2477.94,826.421,2048,86.92,18.38,33.46
maxvit_small_tf_224,224,2473.2,155.219,384,68.93,11.66,53.17
levit_conv_512_s8,224,2470.04,829.061,2048,73.97,21.77,52.28
efficientnet_b3_g8_gn,288,2465.72,830.53,2048,14.25,2.59,23.35
densenet264d,224,2443.4,628.587,1536,72.74,13.57,14.0
coatnet_2_224,224,2433.23,105.18,256,74.68,16.5,52.67
xcit_small_12_p8_224,224,2427.02,843.77,2048,26.21,18.69,47.21
levit_512_s8,224,2417.11,847.233,2048,73.97,21.77,52.28
mambaout_base_wide_rw,224,2411.4,849.238,2048,94.45,17.78,42.6
maxvit_rmlp_small_rw_256,256,2388.67,160.713,384,64.9,14.15,66.09
mambaout_base,224,2333.15,877.712,2048,84.81,15.83,36.95
caformer_b36,224,2326.48,880.23,2048,98.75,23.22,67.3
resnet200,288,2320.72,882.411,2048,64.67,24.91,53.21
twins_svt_large,224,2317.52,883.643,2048,99.27,15.15,35.1
eca_nfnet_l2,320,2313.33,885.243,2048,56.72,20.95,47.43
efficientvit_l2,384,2312.73,165.991,384,63.71,20.45,57.01
convnext_base,288,2303.63,888.978,2048,88.59,25.43,47.53
vit_so150m_patch16_reg4_gap_256,256,2301.61,889.741,2048,134.13,36.75,53.21
mambaout_base_plus_rw,224,2294.28,892.596,2048,101.66,19.19,45.16
mobilenetv4_conv_aa_large,544,2282.5,224.26,512,32.59,14.19,64.79
vit_so150m_patch16_reg4_map_256,256,2278.55,898.741,2048,141.48,37.17,53.68
convformer_b36,224,2275.42,899.991,2048,99.88,22.69,56.06
swin_s3_base_224,224,2266.75,903.418,2048,71.13,13.69,48.26
sequencer2d_l,224,2265.03,904.131,2048,54.3,9.74,22.12
seresnet200d,256,2260.01,906.132,2048,71.86,20.01,43.15
ecaresnet200d,256,2259.63,906.274,2048,64.69,20.0,43.15
efficientnetv2_rw_m,320,2246.55,911.555,2048,53.24,12.72,47.14
resnetrs200,256,2243.75,912.696,2048,93.21,20.18,43.42
regnetz_e8,256,2241.45,913.634,2048,57.7,9.91,40.94
swinv2_base_window8_256,256,2238.95,914.638,2048,87.92,20.37,52.59
hgnetv2_b6,288,2237.55,915.219,2048,75.26,27.9,35.09
resnext101_64x4d,288,2213.7,925.086,2048,83.46,25.66,51.59
vit_so150m2_patch16_reg1_gap_256,256,2208.19,927.396,2048,136.06,37.0,56.93
efficientnet_b4,384,2199.22,174.572,384,19.34,4.51,50.04
regnetz_d32,320,2189.19,935.448,2048,27.58,9.33,37.08
convnextv2_base,288,2157.28,949.282,2048,88.72,25.43,47.53
swinv2_small_window16_256,256,2128.44,962.157,2048,49.73,12.82,66.29
volo_d3_224,224,2104.84,972.929,2048,86.33,20.78,60.09
vit_pe_spatial_small_patch16_512,512,2098.11,976.056,2048,21.98,31.8,123.27
mobilevitv2_175,384,2087.15,122.614,256,14.25,12.47,63.29
convnext_large,224,2081.38,983.895,2048,197.77,34.4,43.13
maxxvitv2_rmlp_base_rw_224,224,2079.19,492.452,1024,116.09,24.2,62.77
coat_small,224,2056.48,995.809,2048,21.69,12.61,44.25
resnetv2_50x1_bit,448,2043.74,1002.031,2048,25.55,16.62,44.46
xception71,299,2025.56,252.708,512,42.34,18.09,69.92
tf_efficientnet_b4,380,2014.73,190.563,384,19.34,4.49,49.49
vit_betwixt_patch16_reg4_gap_384,384,2014.21,1016.705,2048,60.6,39.71,85.28
gcvit_base,224,2004.78,510.725,1024,90.32,14.87,55.48
resnetrs152,320,1999.17,1024.375,2048,86.62,24.34,48.14
hrnet_w48_ssld,288,1998.29,1024.81,2048,77.47,28.66,47.21
seresnet152d,320,1990.21,1028.974,2048,66.84,24.09,47.72
vit_large_patch32_384,384,1989.51,1029.331,2048,306.63,45.31,43.86
regnety_120,288,1977.52,1035.571,2048,51.82,20.06,35.34
convmixer_768_32,224,1967.19,1041.014,2048,21.11,19.55,25.95
efficientvit_l3,256,1958.29,196.044,384,246.04,36.06,50.98
convnextv2_large,224,1957.32,1046.258,2048,197.96,34.4,43.13
resnext101_32x16d,224,1956.69,1046.608,2048,194.03,36.27,51.18
nextvit_base,384,1950.67,1049.826,2048,44.79,24.62,73.95
xcit_tiny_12_p8_384,384,1926.85,1062.81,2048,6.71,14.13,69.14
seresnext101_32x8d,288,1924.41,1064.168,2048,93.57,27.24,51.63
hgnet_base,288,1923.58,532.28,1024,71.58,41.55,25.57
efficientnet_b3_g8_gn,320,1915.71,1068.989,2048,14.25,3.2,28.83
convnext_small,384,1897.96,1078.988,2048,50.22,25.58,63.37
seresnext101d_32x8d,288,1888.75,1084.243,2048,93.59,27.64,52.95
resnetv2_50x3_bit,224,1885.68,1086.016,2048,217.32,37.06,33.34
davit_large,224,1880.34,408.38,768,196.81,34.6,60.99
nf_regnet_b5,456,1867.53,1096.566,2048,49.74,11.7,61.95
convnext_base,320,1858.51,1101.891,2048,88.59,31.39,58.68
mobilevitv2_200,384,1846.19,103.964,192,18.45,16.24,72.34
resnet200d,320,1839.59,1113.219,2048,64.69,31.25,67.33
xcit_large_24_p16_224,224,1832.66,1117.427,2048,189.1,35.86,47.27
nest_base,224,1822.52,1123.652,2048,67.72,17.96,53.39
nest_base_jx,224,1811.56,1130.458,2048,67.72,17.96,53.39
regnety_320,224,1810.56,1131.078,2048,145.05,32.34,30.26
swinv2_large_window12_192,192,1804.43,1134.921,2048,228.77,26.17,56.53
crossvit_18_dagger_408,408,1796.94,1139.648,2048,44.61,32.47,124.87
regnety_160,288,1795.43,1140.605,2048,83.59,26.37,38.07
fastvit_mci4,256,1785.3,430.123,768,321.57,27.78,60.59
swinv2_cr_tiny_384,384,1780.95,862.4,1536,28.33,15.34,161.01
ecaresnet200d,288,1776.94,1152.468,2048,64.69,25.31,54.59
seresnet200d,288,1774.5,1154.057,2048,71.86,25.32,54.6
seresnextaa101d_32x8d,288,1771.8,1155.811,2048,93.59,28.51,56.44
vit_mediumd_patch16_reg4_gap_384,384,1770.54,1156.637,2048,64.27,43.67,113.51
seresnet269d,256,1763.76,1161.091,2048,113.67,26.59,53.6
mixer_l16_224,224,1754.14,1167.453,2048,208.2,44.6,41.69
regnetz_d8_evos,320,1733.47,1181.387,2048,23.46,7.03,38.92
tf_efficientnetv2_m,384,1733.07,1181.652,2048,54.14,15.85,57.52
rdnet_large,224,1715.21,895.45,1536,186.27,34.74,46.67
volo_d1_384,384,1710.19,1197.455,2048,26.78,22.75,108.55
resnetrs270,256,1709.39,1198.035,2048,129.86,27.06,55.84
mambaout_base_short_rw,288,1691.38,1210.781,2048,88.83,26.96,62.94
swin_large_patch4_window7_224,224,1688.73,1212.664,2048,196.53,34.53,54.94
xcit_small_24_p16_384,384,1685.35,1215.11,2048,47.67,26.72,68.58
maxvit_rmlp_base_rw_224,224,1664.59,307.539,512,116.14,23.15,92.64
naflexvit_base_patch16_siglip,384,1655.72,1236.857,2048,92.93,56.12,102.2
vit_base_patch16_18x2_224,224,1651.82,1239.788,2048,256.73,52.51,71.38
senet154,224,1631.27,1255.421,2048,115.09,20.77,38.69
legacy_senet154,224,1628.22,1257.754,2048,115.09,20.77,38.69
vit_small_patch14_dinov2,518,1626.26,1259.264,2048,22.06,46.76,198.79
nfnet_f2,256,1620.72,1263.564,2048,193.78,33.76,41.85
vit_base_patch16_clip_384,384,1615.72,1267.488,2048,86.86,55.54,101.56
mambaout_base_tall_rw,288,1611.37,1270.906,2048,86.48,26.69,64.04
vit_small_patch14_reg4_dinov2,518,1609.07,1272.717,2048,22.06,46.95,199.77
naflexvit_base_patch16_gap,384,1608.29,1273.339,2048,86.63,55.86,102.34
naflexvit_base_patch16_parfac_gap,384,1606.39,1274.845,2048,86.46,55.86,102.34
naflexvit_base_patch16_par_gap,384,1605.16,1275.817,2048,86.63,55.86,102.34
regnetx_320,224,1601.93,1278.394,2048,107.81,31.81,36.3
swinv2_cr_large_224,224,1600.71,1279.363,2048,196.68,35.1,78.42
eca_nfnet_l2,384,1597.35,1282.057,2048,56.72,30.05,68.28
naflexvit_base_patch16_map,384,1586.95,1290.455,2048,93.72,56.23,102.46
convformer_s36,384,1585.51,968.71,1536,40.01,22.54,89.62
convnext_large_mlp,256,1584.08,1292.795,2048,200.13,44.94,56.33
nextvit_large,384,1581.89,1294.58,2048,57.83,32.0,90.76
dm_nfnet_f2,256,1581.77,1294.686,2048,193.78,33.76,41.85
caformer_s36,384,1581.08,971.426,1536,39.3,26.08,150.33
vit_base_patch16_384,384,1574.64,1300.548,2048,86.86,55.54,101.56
deit3_base_patch16_384,384,1574.12,1300.981,2048,86.88,55.54,101.56
deit_base_patch16_384,384,1572.35,1302.444,2048,86.86,55.54,101.56
vit_base_patch16_siglip_gap_384,384,1569.51,1304.792,2048,86.09,55.43,101.3
deit_base_distilled_patch16_384,384,1569.45,1304.842,2048,87.63,55.65,101.82
vit_base_patch16_siglip_384,384,1557.62,1314.757,2048,93.18,56.12,102.2
vit_large_patch16_224,224,1553.39,1318.334,2048,304.33,61.6,63.52
deit3_large_patch16_224,224,1552.72,1318.912,2048,304.37,61.6,63.52
eva_large_patch14_196,196,1550.45,1320.836,2048,304.14,61.57,63.52
repvgg_d2se,320,1540.82,1329.09,2048,120.39,66.99,23.42
coatnet_rmlp_3_rw_224,224,1511.88,126.957,192,165.15,33.56,79.47
efficientnetv2_m,416,1510.11,1356.121,2048,54.14,18.6,67.5
coatnet_3_rw_224,224,1508.44,127.246,192,181.81,33.44,73.83
swinv2_base_window12to16_192to256,256,1508.44,1357.621,2048,87.92,22.02,84.71
swinv2_base_window16_256,256,1507.9,1358.101,2048,87.92,22.02,84.71
beit_large_patch16_224,224,1469.02,1394.051,2048,304.43,61.6,63.52
beit3_large_patch16_224,224,1468.72,1394.349,2048,304.57,61.72,63.52
nfnet_f1,320,1468.38,1394.66,2048,132.63,35.97,46.77
eca_nfnet_l3,352,1468.34,1394.706,2048,72.04,32.57,73.12
vit_large_patch16_rope_ape_224,224,1468.18,1394.864,2048,304.37,61.6,63.52
vit_large_patch16_rope_224,224,1466.17,1396.773,2048,304.17,61.6,63.52
beitv2_large_patch16_224,224,1465.07,1397.827,2048,304.43,61.6,63.52
maxvit_base_tf_224,224,1454.14,264.035,384,119.47,24.04,95.01
mambaout_base_wide_rw,288,1452.81,1409.618,2048,94.45,29.39,70.41
resnetrs200,320,1431.76,1430.346,2048,93.21,31.51,67.81
dm_nfnet_f1,320,1427.34,1434.769,2048,132.63,35.97,46.77
regnetz_e8,320,1424.12,1438.011,2048,57.7,15.46,63.94
seresnextaa101d_32x8d,320,1421.52,1440.637,2048,93.59,35.19,69.67
resnetv2_152x2_bit,224,1421.29,1440.88,2048,236.34,46.95,45.11
coatnet_3_224,224,1409.48,136.184,192,166.97,36.56,79.01
mambaout_base,288,1407.89,1454.587,2048,84.81,26.16,61.08
seresnet269d,288,1388.21,1475.206,2048,113.67,33.65,67.81
mambaout_base_plus_rw,288,1381.12,1482.789,2048,101.66,31.72,74.64
beit_base_patch16_384,384,1369.52,1495.355,2048,86.74,55.54,101.56
flexivit_large,240,1365.9,1499.305,2048,304.36,70.99,75.39
tiny_vit_21m_512,512,1352.4,189.238,256,21.26,26.93,177.93
convnext_xlarge,224,1343.26,1524.576,2048,350.2,60.98,57.5
efficientnet_b5,416,1338.31,191.243,256,30.39,8.27,80.68
vit_large_patch16_rope_mixed_ape_224,224,1331.71,1537.807,2048,304.4,61.6,68.34
vit_large_patch16_rope_mixed_224,224,1325.54,1544.965,2048,304.2,61.6,68.34
efficientnetv2_rw_m,416,1320.86,1550.435,2048,53.24,21.49,79.62
convnext_base,384,1299.41,1182.0,1536,88.59,45.21,84.49
maxxvitv2_rmlp_large_rw_224,224,1286.54,795.876,1024,215.42,44.14,87.15
resnetv2_101x1_bit,448,1275.85,1605.14,2048,44.54,31.65,64.93
xcit_small_24_p8_224,224,1268.9,1613.922,2048,47.63,35.81,90.78
nasnetalarge,331,1263.16,405.283,512,88.75,23.89,90.56
convnext_large,288,1247.94,1641.034,2048,197.77,56.87,71.29
efficientvit_l3,320,1247.58,205.152,256,246.04,56.32,79.34
pnasnet5large,331,1241.67,618.449,768,86.06,25.04,92.89
maxvit_tiny_tf_384,384,1237.99,155.046,192,30.98,17.53,123.42
davit_huge,224,1235.72,621.443,768,348.92,61.23,81.32
vit_large_r50_s32_384,384,1222.0,1675.865,2048,329.09,57.43,76.52
volo_d4_224,224,1220.86,1677.436,2048,192.96,44.34,80.22
convnextv2_base,384,1217.54,1261.495,1536,88.72,45.21,84.49
inception_next_base,384,1210.89,1691.255,2048,86.67,43.64,75.48
vit_large_patch16_siglip_gap_256,256,1194.12,1715.011,2048,303.36,80.8,88.34
vit_large_patch16_siglip_256,256,1194.02,1715.154,2048,315.96,81.34,88.88
vit_large_patch14_clip_224,224,1189.11,1722.242,2048,304.2,81.08,88.79
vit_large_patch14_clip_quickgelu_224,224,1188.79,1722.692,2048,303.97,81.08,88.79
tresnet_l,448,1180.19,867.6,1024,55.99,43.59,47.56
convnextv2_large,288,1178.08,1738.351,2048,197.96,56.87,71.29
vit_large_patch14_xp_224,224,1174.78,1743.24,2048,304.06,81.01,88.79
xcit_medium_24_p16_384,384,1154.9,1773.241,2048,84.4,47.39,91.64
vit_large_patch14_224,224,1154.38,1774.049,2048,304.2,81.08,88.79
aimv2_large_patch14_224,224,1153.43,1775.505,2048,309.2,82.3,85.2
efficientnet_b5,448,1150.02,222.559,256,30.39,9.59,93.56
efficientnet_x_b5,448,1143.87,671.353,768,33.44,23.35,68.87
vit_base_patch8_224,224,1138.02,1799.543,2048,86.58,78.22,161.69
resnest200e,320,1129.48,1813.149,2048,70.2,35.69,82.78
ecaresnet269d,320,1123.53,1822.752,2048,102.09,41.53,83.69
convformer_m36,384,1113.51,919.544,1024,57.05,37.87,123.56
tf_efficientnetv2_m,480,1106.63,1387.939,1536,54.14,24.76,89.84
caformer_m36,384,1104.71,926.867,1024,56.2,42.11,196.35
hiera_large_224,224,1102.84,1856.946,2048,213.74,40.34,83.37
convmixer_1024_20_ks9_p14,224,1098.23,1864.751,2048,24.38,5.55,5.51
resnetv2_101x3_bit,224,1094.04,1871.898,2048,387.93,71.23,48.7
regnety_640,224,1092.32,1874.849,2048,281.38,64.16,42.5
resnetrs350,288,1066.35,1920.516,2048,163.96,43.67,87.09
vitamin_large_224,224,1060.27,241.392,256,333.32,75.05,112.83
vitamin_large2_224,224,1057.42,242.032,256,333.58,75.05,112.83
swinv2_cr_small_384,384,1054.27,1456.864,1536,49.7,29.7,298.03
efficientnet_h_b5,448,1034.2,494.999,512,45.88,27.16,73.9
vit_base_r50_s16_384,384,1032.95,1982.6,2048,98.95,67.43,135.03
maxvit_large_tf_224,224,1020.78,250.74,256,211.79,43.68,127.35
regnety_160,384,1018.4,2010.924,2048,83.59,46.87,67.67
xcit_tiny_24_p8_384,384,1010.42,2026.813,2048,12.11,27.05,132.95
convnext_large_mlp,320,1009.95,1520.801,1536,200.13,70.21,88.02
tf_efficientnet_b5,456,1009.26,253.614,256,30.39,10.46,98.86
vit_so150m_patch16_reg4_gap_384,384,1006.77,2034.163,2048,134.42,87.97,165.47
efficientnetv2_l,384,1006.18,2035.368,2048,118.52,36.1,101.16
tf_efficientnetv2_l,384,987.82,2073.174,2048,118.52,36.1,101.16
resnet50x16_clip_gap,384,976.15,2097.962,2048,136.2,70.32,100.64
vit_large_patch16_dinov3_qkvb,256,974.24,2102.086,2048,303.13,82.43,90.56
vit_large_patch16_dinov3,256,972.75,2105.301,2048,303.08,82.43,90.56
eva02_large_patch14_224,224,971.12,2108.842,2048,303.27,81.15,97.2
eva02_large_patch14_clip_224,224,968.24,2115.107,2048,304.11,81.18,97.2
naflexvit_so150m2_patch16_reg1_gap,384,967.83,2116.002,2048,136.06,89.53,178.22
volo_d2_384,384,963.94,2124.557,2048,58.87,46.17,184.51
naflexvit_so150m2_patch16_reg1_map,384,954.08,2146.505,2048,142.46,90.33,179.2
vit_so150m2_patch16_reg1_gap_384,384,949.76,2156.26,2048,136.33,89.53,178.22
resnet50x16_clip,384,939.62,2179.519,2048,167.33,74.9,103.54
mvitv2_large,224,932.98,2195.043,2048,217.99,43.87,112.02
ecaresnet269d,352,923.36,2217.922,2048,102.09,50.25,101.25
resnetrs270,352,895.34,2287.329,2048,129.86,51.13,105.48
eca_nfnet_l3,448,893.44,2292.201,2048,72.04,52.55,118.4
swinv2_large_window12to16_192to256,256,882.7,2320.084,2048,196.74,47.81,121.53
coat_lite_medium_384,384,874.56,1756.24,1536,44.57,28.73,116.7
efficientvit_l3,384,872.58,219.998,192,246.04,81.08,114.02
coatnet_4_224,224,871.7,220.215,192,275.43,62.48,129.26
xcit_medium_24_p8_224,224,865.37,2366.546,2048,84.32,63.53,121.23
vit_so400m_patch14_siglip_gap_224,224,843.93,2426.679,2048,412.44,109.57,106.13
vit_so400m_patch14_siglip_224,224,843.85,2426.898,2048,427.68,110.26,106.73
nfnet_f2,352,842.85,2429.789,2048,193.78,63.22,79.06
vit_so400m_patch16_siglip_gap_256,256,842.7,2430.211,2048,412.65,109.62,106.13
vit_so400m_patch16_siglip_256,256,838.97,2441.011,2048,427.89,110.31,106.73
vit_base_patch16_siglip_gap_512,512,835.3,2451.743,2048,86.43,107.0,246.15
vit_base_patch16_siglip_512,512,828.66,2471.4,2048,93.52,108.22,247.74
coatnet_rmlp_2_rw_384,384,822.79,116.629,96,73.88,47.69,209.43
dm_nfnet_f2,352,821.28,2493.59,2048,193.78,63.22,79.06
xcit_small_12_p8_384,384,819.16,2500.044,2048,26.21,54.92,138.29
vitamin_large_256,256,816.63,235.053,192,333.38,99.0,154.99
vitamin_large2_256,256,814.64,235.639,192,333.64,99.0,154.99
convnext_xlarge,288,810.53,1894.99,1536,350.2,100.8,95.05
cait_xxs24_384,384,809.02,2531.395,2048,12.03,9.63,122.66
mvitv2_large_cls,224,798.28,2565.462,2048,234.58,42.17,111.69
maxvit_small_tf_384,384,792.07,161.566,128,69.02,35.87,183.65
mambaout_base_plus_rw,384,785.58,1303.418,1024,101.66,56.39,132.7
vit_pe_spatial_base_patch16_512,512,784.18,2611.569,2048,86.43,107.13,246.54
resmlp_big_24_224,224,782.9,2615.852,2048,129.14,100.23,87.31
nfnet_f3,320,782.35,2617.686,2048,254.92,68.77,83.93
tresnet_xl,448,781.7,982.407,768,78.44,60.77,61.31
convformer_b36,384,780.57,983.839,768,99.88,66.67,164.75
volo_d5_224,224,780.53,2623.777,2048,295.46,72.4,118.11
caformer_b36,384,776.73,988.696,768,98.75,72.33,261.79
swin_base_patch4_window12_384,384,770.73,2657.153,2048,87.9,47.19,134.78
dm_nfnet_f3,320,763.21,2683.342,2048,254.92,68.77,83.93
eva02_base_patch14_448,448,761.61,2688.976,2048,87.12,107.11,259.14
convnextv2_huge,224,748.68,2051.555,1536,660.29,115.0,79.07
swinv2_cr_base_384,384,742.5,2068.618,1536,87.88,50.57,333.68
resnetrs420,320,728.37,2811.714,2048,191.89,64.2,126.56
efficientnetv2_xl,384,713.05,2872.092,2048,208.12,52.81,139.2
seresnextaa201d_32x8d,320,711.62,2877.885,2048,149.39,70.22,138.71
convnext_large,384,707.42,1447.448,1024,197.77,101.1,126.74
convnext_large_mlp,384,707.02,1448.273,1024,200.13,101.11,126.74
tf_efficientnetv2_xl,384,701.79,2918.159,2048,208.12,52.81,139.2
efficientnet_x_b5,576,693.27,738.467,512,33.44,38.59,113.83
resnext101_32x32d,224,688.79,2973.264,2048,468.53,87.29,91.12
maxvit_tiny_tf_512,512,685.68,139.961,96,31.05,33.49,257.59
convnextv2_large,384,669.38,1529.71,1024,197.96,101.1,126.74
vit_so150m2_patch16_reg1_gap_448,448,661.4,3096.399,2048,136.5,127.51,287.05
maxxvitv2_rmlp_base_rw_384,384,653.61,587.442,384,116.09,72.98,213.74
efficientnetv2_l,480,643.08,2388.451,1536,118.52,56.4,157.99
vitamin_xlarge_256,256,641.17,199.585,128,436.06,130.13,177.37
tf_efficientnetv2_l,480,633.41,1616.567,1024,118.52,56.4,157.99
xcit_large_24_p16_384,384,632.14,3239.703,2048,189.1,105.35,137.17
efficientnet_b6,528,626.37,204.307,128,43.04,19.4,167.39
efficientnet_h_b5,576,623.52,615.792,384,45.88,44.9,122.13
swinv2_cr_huge_224,224,620.18,3302.177,2048,657.83,115.97,121.08
focalnet_huge_fl3,224,610.04,2517.784,1536,745.28,118.26,104.8
cait_xs24_384,384,608.94,3363.17,2048,26.67,19.28,183.98
regnety_320,384,601.84,2552.1,1536,145.05,95.0,88.87
vit_huge_patch14_clip_quickgelu_224,224,598.67,3420.813,2048,632.08,167.4,139.41
vit_huge_patch14_clip_224,224,597.71,3426.322,2048,632.05,167.4,139.41
resnetrs350,384,596.94,3430.767,2048,163.96,77.59,154.74
vit_base_patch14_dinov2,518,596.24,3434.811,2048,86.58,151.71,397.58
vit_huge_patch14_gap_224,224,595.16,3441.041,2048,630.76,166.73,138.74
vit_huge_patch14_xp_224,224,594.45,3445.124,2048,631.8,167.3,139.41
rdnet_large,384,593.06,863.234,512,186.27,102.09,137.13
vit_base_patch14_reg4_dinov2,518,592.31,3457.564,2048,86.58,152.25,399.53
deit3_huge_patch14_224,224,587.06,3488.52,2048,632.13,167.4,139.41
vit_huge_patch14_224,224,583.89,3507.445,2048,630.76,167.4,139.41
maxvit_xlarge_tf_224,224,582.53,329.55,192,506.99,97.52,191.04
tf_efficientnet_b6,528,582.32,219.771,128,43.04,19.4,167.39
aimv2_huge_patch14_224,224,578.93,3537.502,2048,680.85,179.01,126.22
sam2_hiera_tiny,896,563.05,113.621,64,26.85,99.86,384.63
regnety_1280,224,544.77,3759.342,2048,644.81,127.66,71.58
cait_xxs36_384,384,539.01,3799.513,2048,17.37,14.35,183.7
maxvit_rmlp_base_rw_384,384,520.78,368.635,192,116.14,70.97,318.95
hiera_huge_224,224,518.29,3951.421,2048,672.78,124.85,150.95
vit_large_patch14_clip_quickgelu_336,336,516.18,3967.518,2048,304.29,191.11,270.24
vit_large_patch14_clip_336,336,515.15,3975.472,2048,304.53,191.11,270.24
eva_large_patch14_336,336,501.11,4086.825,2048,304.53,191.1,270.24
vit_large_patch16_384,384,500.82,4089.194,2048,304.72,191.21,270.24
deit3_large_patch16_384,384,500.44,4092.314,2048,304.76,191.21,270.24
vit_large_patch16_siglip_gap_384,384,500.38,4092.811,2048,303.69,190.85,269.55
vit_large_patch16_siglip_384,384,498.84,4105.472,2048,316.28,192.07,270.75
cait_s24_384,384,497.86,4113.509,2048,47.06,32.17,245.31
vit_giant_patch16_gap_224,224,492.87,4155.195,2048,1011.37,202.46,139.26
volo_d3_448,448,490.21,4177.764,2048,86.63,96.33,446.83
aimv2_large_patch14_336,336,488.43,4192.943,2048,309.53,194.22,227.08
seresnextaa201d_32x8d,384,488.29,4194.157,2048,149.39,101.11,199.72
resnest269e,416,486.86,4206.483,2048,110.93,77.69,171.98
vit_pe_core_large_patch14_336,336,483.38,4236.797,2048,317.15,192.33,271.43
coatnet_5_224,224,480.28,266.466,128,687.47,145.49,194.24
resnetv2_152x4_bit,224,479.82,4268.219,2048,936.53,186.9,90.22
resnetv2_152x2_bit,384,473.45,4325.596,2048,236.34,136.16,132.56
xcit_large_24_p8_224,224,472.71,4332.373,2048,188.93,141.23,181.56
davit_giant,224,471.52,1628.693,768,1406.47,192.92,153.06
sam2_hiera_small,896,469.01,136.417,64,33.95,123.99,442.63
convnext_xxlarge,256,467.39,2190.831,1024,846.47,198.09,124.45
resnetv2_50x3_bit,448,463.32,2210.079,1024,217.32,145.7,133.37
convnext_xlarge,384,460.52,1667.619,768,350.2,179.2,168.99
maxvit_base_tf_384,384,458.07,279.391,128,119.65,73.8,332.9
vitamin_large_336,336,455.91,210.51,96,333.57,175.72,307.47
vitamin_large2_336,336,453.83,211.481,96,333.83,175.72,307.47
convnextv2_huge,288,449.45,2278.256,1024,660.29,190.1,130.7
beit_large_patch16_384,384,444.15,4610.994,2048,305.0,191.21,270.24
swin_large_patch4_window12_384,384,440.96,4644.307,2048,196.74,104.08,202.16
maxvit_small_tf_512,512,438.94,145.758,64,69.13,67.26,383.77
nfnet_f3,416,436.1,4696.096,2048,254.92,115.58,141.78
eva02_large_patch14_clip_336,336,433.24,4727.147,2048,304.43,191.34,289.13
swinv2_cr_large_384,384,428.52,2389.559,1024,196.68,108.96,404.96
xcit_small_24_p8_384,384,428.28,4781.842,2048,47.63,105.24,265.91
resnetrs420,416,427.03,4795.839,2048,191.89,108.45,213.79
swinv2_base_window12to24_192to384,384,420.69,1825.502,768,87.92,55.25,280.36
nfnet_f4,384,419.63,4880.461,2048,316.07,122.14,147.57
dm_nfnet_f3,416,419.13,4886.264,2048,254.92,115.58,141.78
dm_nfnet_f4,384,409.77,4997.839,2048,316.07,122.14,147.57
vit_huge_plus_patch16_dinov3,256,402.56,5087.395,2048,840.51,224.88,193.59
vit_huge_plus_patch16_dinov3_qkvb,256,402.37,5089.724,2048,840.59,224.88,193.59
efficientnetv2_xl,512,401.62,2549.578,1024,208.12,93.85,247.32
tf_efficientnetv2_xl,512,395.76,2587.357,1024,208.12,93.85,247.32
vit_giant_patch14_clip_224,224,383.99,5333.456,2048,1012.65,267.18,192.64
mvitv2_huge_cls,224,381.37,4027.556,1536,694.8,120.67,243.63
eva_giant_patch14_224,224,377.92,5419.013,2048,1012.56,267.18,192.64
vit_giant_patch14_224,224,377.77,5421.19,2048,1012.61,267.18,192.64
eva_giant_patch14_clip_224,224,375.98,5447.091,2048,1012.59,267.18,192.64
naflexvit_so400m_patch16_siglip,384,369.64,5540.407,2048,427.89,259.65,319.77
efficientnet_b7,600,365.07,262.916,96,66.35,38.33,289.94
vitamin_xlarge_336,336,360.87,265.965,96,436.06,230.18,347.33
beit3_giant_patch14_224,224,358.85,5707.101,2048,1013.22,267.56,192.64
vit_so400m_patch16_siglip_gap_384,384,358.82,5707.515,2048,413.02,258.11,318.42
aimv2_1b_patch14_224,224,356.77,5740.341,2048,1234.96,322.43,170.39
vit_so400m_patch16_siglip_384,384,356.57,5743.616,2048,428.26,259.65,319.77
vit_giantopt_patch16_siglip_gap_256,256,354.83,5771.78,2048,1134.84,298.42,199.62
vit_giantopt_patch16_siglip_256,256,353.32,5796.306,2048,1163.17,299.66,200.43
regnety_640,384,351.85,2910.287,1024,281.38,188.47,124.83
resnetv2_152x2_bit,448,349.4,2930.689,1024,236.34,184.99,180.43
vitamin_large_384,384,346.77,184.511,64,333.71,234.44,440.16
vitamin_large2_384,384,345.4,185.237,64,333.97,234.44,440.16
tf_efficientnet_b7,600,344.77,278.412,96,66.35,38.33,289.94
resnet50x64_clip_gap,448,338.72,6046.154,2048,365.03,253.96,233.22
focalnet_huge_fl4,224,337.63,4549.258,1536,686.46,118.9,113.34
cait_s36_384,384,330.92,6188.696,2048,68.37,47.99,367.4
resnet50x64_clip,448,328.24,6239.183,2048,420.38,265.02,239.13
maxvit_large_tf_384,384,323.14,297.037,96,212.03,132.55,445.84
nfnet_f5,416,297.64,6880.785,2048,377.21,170.71,204.56
xcit_medium_24_p8_384,384,291.74,5264.895,1536,84.32,186.67,354.73
dm_nfnet_f5,416,286.04,7159.746,2048,377.21,170.71,204.56
davit_base_fl,768,285.29,672.949,192,90.37,190.32,530.15
volo_d4_448,448,284.81,7190.736,2048,193.41,197.13,527.35
vit_so400m_patch14_siglip_gap_378,378,276.52,7406.331,2048,412.99,333.46,451.19
vit_so400m_patch14_siglip_gap_384,384,276.25,7413.607,2048,412.99,333.46,451.19
vit_so400m_patch14_siglip_378,378,275.26,7440.287,2048,428.23,335.4,452.89
vit_so400m_patch14_siglip_384,384,275.04,7446.241,2048,428.23,335.4,452.89
vitamin_xlarge_384,384,274.12,233.427,64,436.06,306.38,493.46
vit_large_patch16_siglip_gap_512,512,269.13,7609.645,2048,304.15,361.84,655.36
vit_large_patch16_siglip_512,512,267.86,7645.797,2048,316.74,364.0,657.48
resnetv2_101x3_bit,448,266.3,3845.148,1024,387.93,280.33,194.78
vit_intern300m_patch14_448,448,263.56,7770.461,2048,304.01,362.05,656.39
aimv2_large_patch14_448,448,260.86,7850.883,2048,309.98,367.84,491.78
vit_pe_lang_large_patch14_448,448,260.5,7861.754,2048,291.42,346.99,629.09
swinv2_large_window12to24_192to384,384,260.06,1968.699,512,196.74,116.15,407.83
convnextv2_huge,384,256.6,1995.27,512,660.29,337.96,232.35
vit_huge_patch14_clip_336,336,256.52,7983.717,2048,632.46,390.97,407.54
vit_pe_spatial_large_patch14_448,448,256.44,7986.064,2048,303.96,362.05,656.39
maxvit_base_tf_512,512,253.84,252.088,64,119.88,138.02,703.99
aimv2_huge_patch14_336,336,251.84,8132.024,2048,681.34,416.36,337.08
sam2_hiera_base_plus,896,242.76,263.578,64,68.68,227.48,828.88
eva02_large_patch14_448,448,230.26,8894.042,2048,305.08,362.33,689.95
efficientnet_b8,672,229.2,418.804,96,87.41,63.48,442.89
nfnet_f4,512,223.78,9151.978,2048,316.07,216.26,262.26
beit_large_patch16_512,512,223.22,9174.863,2048,305.67,362.24,656.39
vit_gigantic_patch14_clip_quickgelu_224,224,219.7,9321.819,2048,1844.91,483.96,275.37
vit_gigantic_patch14_clip_224,224,219.46,9332.008,2048,1844.91,483.96,275.37
dm_nfnet_f4,512,218.83,9358.641,2048,316.07,216.26,262.26
tf_efficientnet_b8,672,218.61,439.098,96,87.41,63.48,442.89
focalnet_large_fl3,384,216.7,4725.456,1024,239.13,105.06,168.04
focalnet_large_fl4,384,216.08,4738.832,1024,239.32,105.2,181.78
vit_gigantic_patch14_224,224,215.65,9496.879,2048,1844.44,483.95,275.37
nfnet_f6,448,215.6,9499.156,2048,438.36,229.7,273.62
dm_nfnet_f6,448,207.46,9871.54,2048,438.36,229.7,273.62
vit_huge_patch14_clip_quickgelu_378,378,200.74,10201.927,2048,632.68,503.79,572.79
vit_huge_patch14_clip_378,378,200.53,10213.002,2048,632.68,503.79,572.79
regnety_1280,384,195.71,3924.051,768,644.81,374.99,210.2
vit_large_patch14_dinov2,518,193.74,10571.042,2048,304.37,507.15,1058.82
vit_large_patch14_reg4_dinov2,518,193.07,10607.289,2048,304.37,508.9,1064.02
vit_so400m_patch14_siglip_gap_448,448,190.94,10726.066,2048,413.33,487.18,764.26
vit_so400m_patch16_siglip_gap_512,512,190.54,10748.053,2048,413.53,487.4,764.26
vit_so400m_patch16_siglip_512,512,189.66,10798.358,2048,428.77,490.13,766.65
maxvit_xlarge_tf_384,384,186.14,343.775,64,475.32,292.78,668.76
swinv2_cr_giant_224,224,185.84,11020.053,2048,2598.76,483.85,309.15
volo_d5_448,448,184.74,11086.039,2048,295.91,315.06,737.92
vit_huge_patch16_gap_448,448,179.2,11428.198,2048,631.67,544.7,636.83
maxvit_large_tf_512,512,178.79,268.419,48,212.33,244.75,942.15
swinv2_cr_huge_384,384,176.57,2899.696,512,657.94,352.04,583.18
cait_m36_384,384,175.9,11642.718,2048,271.22,173.11,734.81
aimv2_3b_patch14_224,224,167.54,12224.0,2048,2720.66,705.91,252.44
nfnet_f5,544,165.52,12373.368,2048,377.21,290.97,349.71
dm_nfnet_f5,544,165.0,9308.986,1536,377.21,290.97,349.71
nfnet_f7,480,164.79,12427.667,2048,499.5,300.08,355.86
focalnet_xlarge_fl3,384,163.52,4696.559,768,408.79,185.61,223.99
eva_giant_patch14_336,336,163.13,12554.123,2048,1013.01,620.64,550.67
xcit_large_24_p8_384,384,160.92,6363.148,1024,188.93,415.0,531.82
focalnet_xlarge_fl4,384,160.18,4794.423,768,409.03,185.79,242.31
beit3_giant_patch14_336,336,155.65,13157.247,2048,1013.67,621.52,550.67
vit_giantopt_patch16_siglip_gap_384,384,152.96,13389.065,2048,1135.33,694.1,567.12
vit_giantopt_patch16_siglip_384,384,152.43,13435.936,2048,1163.66,696.85,568.91
aimv2_1b_patch14_336,336,150.65,13593.918,2048,1235.61,743.59,454.16
convmixer_1536_20,224,148.45,6897.964,1024,51.63,48.68,33.03
tf_efficientnet_l2,475,147.31,434.396,64,480.31,172.11,609.89
convnextv2_huge,512,145.09,1764.338,256,660.29,600.81,413.07
volo_d5_512,512,141.63,10845.427,1536,296.09,425.09,1105.37
aimv2_huge_patch14_448,448,136.7,14982.187,2048,682.03,774.02,731.38
nfnet_f6,576,128.19,15975.882,2048,438.36,378.69,452.2
dm_nfnet_f6,576,125.3,16344.966,2048,438.36,378.69,452.2
regnety_2560,384,105.15,4869.312,512,1282.6,747.83,296.49
resnetv2_152x4_bit,480,104.37,4905.546,512,936.53,844.84,414.26
davit_huge_fl,768,103.9,1847.808,192,360.64,744.84,1060.3
mobilenetv5_300m,768,103.27,619.68,64,294.13,435.74,842.16
maxvit_xlarge_tf_512,512,102.93,310.833,32,475.77,534.14,1413.22
mobilenetv5_300m_enc,768,101.62,629.71,64,294.13,435.74,842.16
nfnet_f7,608,100.73,15248.389,1536,499.5,480.39,570.85
eva02_enormous_patch14_clip_224,224,97.44,21018.442,2048,4350.56,1132.46,497.58
aimv2_1b_patch14_448,448,82.19,18687.474,1536,1236.53,1367.03,983.56
cait_m48_448,448,80.08,19180.239,1536,356.46,329.41,1708.23
vit_gigantic_patch14_clip_378,378,75.09,27273.721,2048,1845.7,1429.82,1047.37
sam2_hiera_large,1024,73.69,651.282,48,212.15,907.48,2190.34
aimv2_3b_patch14_336,336,73.25,20968.814,1536,2721.64,1615.48,674.17
vit_7b_patch16_dinov3,256,64.24,31878.179,2048,6716.03,1775.1,515.87
samvit_base_patch16,1024,62.19,1029.054,64,89.67,486.43,1343.27
vit_giant_patch14_dinov2,518,60.05,25577.994,1536,1136.48,1784.2,2757.89
vit_giant_patch14_reg4_dinov2,518,59.89,25647.745,1536,1136.48,1790.08,2771.21
vit_pe_lang_gigantic_patch14_448,448,55.54,27655.265,1536,1740.92,1931.99,1664.88
efficientnet_l2,800,54.48,440.494,24,480.31,479.12,1707.39
eva_giant_patch14_560,560,53.55,19122.655,1024,1014.45,1906.76,2577.17
swinv2_cr_giant_384,384,53.18,4813.585,256,2598.76,1450.71,1394.86
vit_pe_core_gigantic_patch14_448,448,52.94,29012.481,1536,1882.03,2060.12,1774.21
tf_efficientnet_l2,800,52.54,456.714,24,480.31,479.12,1707.39
vit_pe_spatial_gigantic_patch14_448,448,52.25,29396.895,1536,1851.89,2055.25,1771.04
aimv2_3b_patch14_448,448,40.32,25397.062,1024,2723.02,2939.61,1462.76
vit_so400m_patch14_siglip_gap_896,896,34.21,22451.103,768,416.87,2731.49,8492.88
samvit_large_patch16,1024,29.24,2189.034,64,308.28,1493.86,2553.78
samvit_huge_patch16,1024,18.79,2554.979,48,637.03,2982.23,3428.16
